,review
0,"ì˜¤ëŠ˜ì€ ê°€ì„ì´ ë˜ì—ˆëŠ”ë°ë„ ë–¨ì–´ì§€ì§€ ì•ŠëŠ” ê¸°ìš´ ë•Œë¬¸ì— ë¬´ë”ìœ„ë¥¼ ì‹œí‚¤ë©´ ëª¸ë³´ì‹ ì„ í•˜ê¸° ìœ„í•´ ì˜¤ë¦¬ê³ ê¸°ë¥¼ ë¨¹ìœ¼ëŸ¬ ì™”ì–´ìš” ìš©ì¸ì‹œìž¥ ê·¼ì²˜ì— ìžˆëŠ” ì˜¤ë¦¬ê³ ê¸°ì§‘ì¸ë° ëŒíŒìœ¼ë¡œ ë˜ì–´ ìžˆê³  ì‹ ë°œì„ ë²—ê³  ë“¤ì–´ê°€ëŠ” ê°€ê²Œë¼ ì•„ê¸°ì™€ í•¨ê»˜ ê°€ê¸°ë„ ì•„ì£¼ ì¢‹ì€ ê³³ì´ì—ìš” ë§¤ìž¥ì€ ë§ˆì¹˜ ì‹¤ë‚´ ìº í•‘ìž¥ì²˜ëŸ¼ ìž˜ ê¾¸ë©°ì ¸ ìžˆì–´ìš” ê±´ê°•ì— ì¢‹ì€ ì˜¤ë¦¬ê³ ê¸°ë¥¼ ì´ë ‡ê²Œ ë¶„ìœ„ê¸° ì¢‹ì€ ê³³ì—ì„œ ë¨¹ì„ ìˆ˜ ìžˆë‹¤ëŠ”ê²Œ ì•„ì£¼ ì¢‹ì•˜ê³  ëŒíŒë„ ë„ˆë¬´ ë§¤ë ¥ì ì´ì—ˆì–´ìš” ìš”ì¦˜ ë„ˆë¬´ ìˆ¯ë¶ˆì— êµ¬ì›Œ ë¨¹ê¸°ë§Œ í•˜ë‹ˆê¹Œ ì¢€ íž˜ë“¤ì—ˆê±°ë“ ìš” ëŒíŒêµ¬ì´ì— ë¶€ì¹¨ê°œê¹Œì§€ ì„œë¹„ìŠ¤ë¡œ ì£¼ì‹œëŠ”ë° ë„ˆë¬´ ì¢‹ì€ ê³³ì´ë¼ê³  ìƒê°í•´ìš” ë°˜ì°¬ë“¤ì€ ëª¨ë‘ ë¬´í•œ ë¦¬í•„ì´ê³  êµ‰ìž¥ížˆ ë§›ë„ ìžˆì–´ìš” ì €ëŠ” ì˜¤ëŠ˜ë¶€í„° ì´ ê°€ê²Œ ë‹¨ê³¨ì´ì—ìš” ì—¬ëŸ¬ë¶„ë“¤ê»˜ë„ ê°•ë ¥ ì¶”ì²œí•˜ë‹ˆ í•œ ë²ˆì¯¤ ë°©ë¬¸í•´ ë³´ì„¸ìš” ê°•ì¶”
ë”ë³´ê¸°"
1,"ëŒ€ìž¥ê¸ˆíŒŒí¬, ìžìž‘ë‚˜ë¬´ìˆ² ë³´ê³  ëŒì•„ì˜¤ëŠ” ê¸¸ ë“¤ë¥¸ ê³³! ìš©ì¸ ë§›ì§‘ì´ë¼ê³  ë‚˜ì™”ëŠ”ë° ì—­ì‹œ ì§„ì§œì˜€ë„¤ìš”. ìž¬ë£Œê°€ í•˜ë‚˜í•˜ë‚˜ ì‹ ì„ í•˜ê³  ìŒì‹ í•˜ë‚˜í•˜ë‚˜ ë§›ìžˆëŠ” ê³³ì´ì–´ì„œ ë°˜ì°¬ ë‚¨ê¸°ê¸°ê°€ ì•„ê¹Œìš¸ì •ë„ì˜€ì–´ìš”! íŠ¹ížˆ ì˜¤ë¦¬ëŠ” ìž¡ë‚´ ì—†ì´ ì‹ ì„ í–ˆê³ , ë°˜ì°¬ì¤‘ ëŒ€íŒŒê¹€ì¹˜ ì§±! ë„ˆë¬´ ë§Œì¡±ìŠ¤ëŸ¬ìš´ ì‹ì‚¬ì˜€ìŠµë‹ˆë‹¤â™¡"
2,"ê°€ê²Œ ë¶„ìœ„ê¸°ê°€ íž™í•˜ê³  íŠ¸ë Œë””í•œ ì¸í…Œë¦¬ì–´ë¼ ìº í•‘ì— ì˜¨ ëŠë‚Œë„ ë¬¼ì”¬ ëŠë‚„ìˆ˜ ìžˆì–´ì„œ ì¹œêµ¬ë‚˜ ì»¤í”Œ,ê°€ì¡±ë¼ë¦¬ ê°™ì´ ì™€ë„ ì¢‹ì„êº¼ ê°™ê³  BARê°€ ìžˆì–´ì„œ ë‹¤ì–‘í•œ ì£¼ë¥˜ë¥¼ ì·¨í–¥ê» ë§ˆì‹¤ ìˆ˜ ìžˆê³  í…Œì´ë¸”ê°¯ìˆ˜ê°€ ë§Žì•„ ë‹¨ì²´,ëª¨ìž„,íšŒì‹ìž¥ì†Œë¡œë„ ì¶”ì²œí•˜ê³  ì‹¶ì–´ìš”~!
ì˜¤ë¦¬ê³ ê¸°ë„ 100% êµ­ë‚´ì‚° ìƒì˜¤ë¦¬ ì‚¬ìš©ìœ¼ë¡œ í•˜ë£¨ì— 15ë§ˆë¦¬ë§Œ íŒë§¤í•´ì„œ ê·¸ëŸ°ì§€ ìƒíƒœë„ ì¢‹ì•„ìš”!
ì‚¬ìž¥ë‹˜ë„ ì¹œì ˆí•˜ì‹œê³  ê¸°ë³¸ë°˜ì°¬ë„ í‘¸ì§í•˜ê²Œ ë‚˜ì™€ì„œ ë‹¤ì‹œ ë°©ë¬¸í•˜ê³  ì‹¶ì€ ê°€ê²Œì—ìš”~
ë”ë³´ê¸°"
3,"êµ­ë‚´ì‚° 1ë“±ê¸‰ ìƒì˜¤ë¦¬ê³ ê¸°ë¥¼ ì‚¬ìš©í•˜ì‹ ë‹¤ê³  ë˜ì–´ìžˆì—ˆëŠ”ë° ì •ë§ ì‹±ì‹±ê·¸ìžì²´ë”ë¼êµ¬ìš”ðŸ¥¹ðŸ’—
ì„ í™ë¹›ì˜ ê³ ê¸°ê°€ ëŒíŒì— ì§€ê¸€ì§€ê¸€ êµ¬ì›Œì§€ëŠ”ë° ìž¡ë‚´í•˜ë‚˜ì—†ì´ ë„ˆë¬´ ë§›ìžˆê²Œ ìž˜ë¨¹ì—ˆì–´ìš”!
í•¨í¥ë¹„ë¹”ëƒ‰ë©´ì€ ê¸°ëŒ€ì´ìƒìœ¼ë¡œ ë§›ìžˆì–´ì„œ ì˜¤ë¦¬ê³ ê¸°ëž‘ ì •ë§ ìž˜ ì–´ìš¸ë¦¬ë”ë¼êµ¬ìš” ã…Žã…Ž
ë³¶ìŒë°¥ì€ ì—­ì‹œ ì˜¤ë¦¬ê³ ê¸°ì˜ í•„ìˆ˜ì½”ìŠ¤ì£ ~? ë§¨ë§ˆì§€ë§‰ì— ë³¶ì•„ë¨¹ì—ˆëŠ”ë° ì†Œê¸ˆê°„ì„ ì¡°ê¸ˆë”í•´ì„œ ë¨¹ìœ¼ë‹ˆ ë”± ë§žì•˜ì–´ì˜¤ðŸ˜ŠðŸ’•
ë”ë³´ê¸°"
4,"ì˜¤ë¦¬ëŒíŒêµ¬ì´ ì²˜ìŒ ë¨¹ì–´ë´¤ëŠ”ë° ë„ˆë¬´ ë§›ìžˆì—ˆì–´ìš”!! ì•½ê°„ ìº í•‘ì™€ì„œ ë¨¹ëŠ”ëŠë‚Œë„ ë“¤ì–´ì„œ ì´ìƒ‰ì ì´ê³ , ì˜¤ë¦¬ê³ ê¸° ìž¡ë‚´ë„ ì—†ê³  ê¹”ë”í•´ì„œ ë„ˆë¬´ ì¢‹ì•˜ì–´ìš”!! ì„œë¹„ìŠ¤ë¡œ ì£¼ì‹  ë¶€ì¶”ì „.. ì§„ì§œ ì—­ëŒ€ê¸‰ ã… ë„ˆë¬´ ë§›ìžˆê²Œ ë¨¹ì—ˆì–´ìš”!!! ì„œë¹„ìŠ¤ë¡œ ë¶€ì¶”ì „ì´ë¼ë‹ˆ..ðŸ¥¹ì§„ì§œ ê°ë™ì´ì—ìš” ê·¸ë¦¬êµ¬ ì…€í”„ë°”ì— ìžˆëŠ” ëœìž¥ì°Œê°œ ì™„ì „ ì—„ë§ˆê°€ í•´ì¤€ ì§‘ëœì°Œ ëŠë‚Œì´ë¼ ë” ì¢‹ì•˜ìŠµë‹ˆë‹¤ ë‹¤ìŒì— ë˜ ì˜¬ê²Œìš” ì‚¬ìž¥ë‹˜~!!ðŸ‘ðŸ¤©"
5,"ë§›ìžˆê²Œ ìž˜ë¨¹ì—ˆì–´ìš”! ì•„ì´ë“¤ì´ëž‘ ê°™ì´ ë°©ë¬¸í–ˆëŠ”ë° ë‘ë¶€, ë‹¹ê·¼, ê°ìž,ë–¡ê¹Œì§€ ë‚˜ì™€ì„œ ê³¨ê³ ë£¨ ë¨¹ì„ ìˆ˜ ìžˆì–´ ì¢‹ì•˜ìŠµë‹ˆë‹¤ :) ë‚˜ì¤‘ì— ë³¶ìŒë°¥ê¹Œì§€ ë¨¹ì—ˆëŠ”ë° ì´ˆë“±ì•„ì´ë„ ìž˜ ë¨¹ì—ˆì–´ìš” !! ~ ë‹¤ìŒì—ëŠ” ì–‘ë…ì˜¤ë¦¬ê³ ê¸° ë¨¹ìœ¼ëŸ¬ ë°©ë¬¸í•´ì•¼ê² ì–´ìš” :)"
6,"ì‹ ì„ í•œ ì˜¤ë¦¬ë¡œìŠ¤êµ¬ì´ë¥¼ ë¶„ìœ„ê¸° ì¢‹ì€ ê³³ì—ì„œ ì¦ê¸¸ ìˆ˜ ìžˆì—ˆì–´ìš”
ìº í•‘ìž¥ ëŠë‚Œë‚˜ê³  ë­”ê°€ íž™í•œ ë¶„ìœ„ê¸°ë¼ ìˆ ì´ ì­‰ì­‰ ë“¤ì–´ê°ˆë“¯ðŸ¤”
ì…€í”„ë°”ì—ì„œ ë¶€ì¶”ë‚˜ ë²„ì„¯ë„ ìž”ëœ© ë” ë„£ì–´ì„œ ë³¶ì•„ë¨¹ì„ ìˆ˜ ìžˆëŠ”ë° ë¶€ëª¨ë‹˜ ëª¨ì‹œê³  ë°©ë¬¸í•´ë„ ë§Œì¡±í•˜ì‹¤ ê²ƒ ê°™ì€ ëŠë‚ŒðŸ¥°
ëŒíŒì— êµ¬ì›Œì„œ ê·¸ëŸ°ì§€ ê¸°ë¦„ë„ ìž˜ ë¹ ì§€ëŠ”ë° ì§„ì§œ ë°°ë¶ˆë¦¬ ë¨¹ì—ˆì–´ìš”
í™”ë£¡ì ì •ì€ ì—­ì‹œ ë³¶ìŒë°¥ì¸ë° ì•ˆì‹œì¼œë¨¹ì„ìˆ˜ì—†ìŒðŸ˜‹
ë”ë³´ê¸°"
7,"ì˜¤ë¦¬ê³ ê¸° ì‹ ì„ í•˜ê³  ë„ˆë¬´ ë§›ìžˆì—ˆì–´ìš” ! ðŸ©·ðŸ©· ë‚˜ì˜¤ëŠ” ë°˜ì°¬, ì…€í”„ë°”ì— ìžˆëŠ” ìŒì‹ë“¤ì´ëž‘ ìž”ì¹˜êµ­ìˆ˜ë„ ë‹¤ ë§›ìžˆì—ˆê³  ìº í•‘ ì˜¨ ëŠë‚Œìœ¼ë¡œ ì™„ì „ ì¦ê²ê²Œ ë¨¹ì„ ìˆ˜ ìžˆì—ˆì–´ìš” !! ìžë¦¬ë„ ë‚™ë‚™í•˜ê³  ë¶„ìœ„ê¸°ë„ ì¢‹ì•„ìš”! ê·¸ë¦¬ê³  ì•„ì´ìŠ¤ë°•ìˆ ë¡œ ë¨¹ì—ˆëŠ”ë° ì‹œì›í•˜ê³  ì•ˆì›€ì§ì´ê³  ìžë¦¬ì—ì„œ ë¯¸ë¦¬ ê°–ë‹¤ë†“ê³  ë¨¹ìœ¼ë‹ˆê¹Œ êµ¿êµ¿ â¤ï¸ ìžì£¼ ê°ˆë“¯í•´ìš” !!! ë²ˆì°½í•˜ì„¸ìš©"
8,í•˜ë£¨ì— 15ë§ˆë¦¬ë§Œ íŒë§¤í•˜ëŠ” ì° ìƒ ì˜¤ë¦¬êµ¬ì´ë„¤ìš” ì •ë§ ë¶€ë“œëŸ½ê³  ìž¡ë‚´ëŠ” 1ë„ ì—†ê³  ë„ˆë¬´ ë§›ìžˆì–´ìš”! ì˜¤ë¦¬êµ¬ì´ ë¨¹ì–´ë³´ê³  ë„ˆë¬´ ê³ ê¸° ì§ˆì´ ì¢‹ì•„ì„œ ì‚¼ê²¹ì‚´ë„ ë¨¹ì–´ë³´ì•˜ëŠ”ë°ìš” ì‚¼ê²¹ì‚´ë„ ì°ìž…ë‹ˆë‹¤ ã…Žã…Ž ìº í•‘ìž¥ê°™ì€ ë¶„ìœ„ê¸°ë„ ë„ˆë¬´ ìž¬ë°Œì—ˆì–´ìš”
9,ì „ë„ ì„œë¹„ìŠ¤ë¡œ ë‚˜ì˜¤ê³  ë§›ë„ ê´œì°®ìŒ ì´ˆí–‰ì— ì°¾ê¸°ê°€ ì¢€ ì–´ë ¤ìš¸ ìˆ˜ ìžˆìŠµë‹ˆë‹¤ë§Œ ê±´ë¬¼ ê³„ë‹¨ ì§„ìž…í•˜ë©´ ë³´ìž„. ì£¼ì°¨ëŠ” ê·¼ì²˜ ê°€ëŠ¥.
10,"ìŒì‹ ë§›ìžˆì–´ìš”.
ë°˜ì°¬ì€ ì²˜ìŒì— í•œë²ˆ ê°€ì ¸ë‹¤ ì£¼ì‹œê³  ë‚˜ë¨¸ì§€ëŠ” ì…€í”„ë°” ì´ìš©í•˜ë©´ ë©ë‹ˆë‹¤! ìž”ì¹˜êµ­ìˆ˜ë„ ìžˆê³  ë¶€ì¶” ë²„ì„¯ë„ ê³„ì† ì´ìš©í•´ì„œ ë¨¹ì„ìˆ˜ ìžˆì–´ìš”.
ì²˜ìŒì— ê°€ë©´ ìˆ ì´ëž‘ ìŒë£Œ ë„£ì€ í†µë„ ì£¼ì‹œëŠ”ë° ì—„ì²­ ì‹œì›í•´ì„œ ì¢‹ì•„ìš”.
ê·¼ë° ì§ì›ë¶„ì´ ì¢€ ì¹œì ˆí–ˆìœ¼ë©´ ì¢‹ê² ë„¤ìš”. ì‚¬ìž¥ë‹˜ì€ ì¹œì ˆí•˜ì‹ ë°.. ì§ì›ë¶„ì´ ì„¤ëª…í•´ì£¼ì‹œê±°ë‚˜ ê·¸ëŸ°ê²Œ ì¹œì ˆí–ˆìœ¼ë©´ ì¢‹ê² ë„¤ì—¬~âž¿
ë”ë³´ê¸°"
11,ìƒê°í•˜ë˜ê±°ë³´ë‹¤ ì™„ì „ ê´œì°®ì•„ì„œ ì¢‹ì•˜ì–´ìš” ! ë‹¤ìŒì— ë˜ê°€ì„œ ëª»ë¨¹ì–´ë³´ë˜ê²ƒë“¤ ë‹¤ ë¨¹ì„ê³„íšìž…ë‹ˆë‹¤ :)
12,"ì´ìƒ‰ì ì¸ ì¸í…Œë¦¬ì–´ê°€ ì¸ìƒì ì´ì˜€ì–´ìš”
ì‚¬ìž¥ë‹˜ì´ ì•‰ëŠ”ë²•ë¶€í„° ë§›ìžˆê²Œë¨¹ëŠ”ë°©ë²•ê¹Œì§€ ë‹¤ ì•Œë ¤ì£¼ì„¸ìš”
ì˜¤ë¦¬ê³ ê¸° ì´ë ‡ê²Œ í‘¸ì§í•˜ê²Œ ë‚˜ì˜¤ëŠ”ê³³ì€ ì²˜ìŒì´ì˜€ì–´ìš”
ë‹¤ìŒì— ë˜ ë°©ë¬¸ì˜í–¥ 100%ìž…ë‹ˆë‹¤
ë”ë³´ê¸°"
13,"ì•„ì´ë“¤ì´ëž‘ ë¯¼ì†ì´Œ ë‹¤ë…€ì˜¤ë©´ì„œ í˜¸í…” ê°€ê¸°ì „ì— ë“¤ë ¸ì–´ìš”. ë„ˆë¬´ ë§›ìžˆê³  ì¹œì ˆí•´ì„œ ê°ë™ë¨¹ì€ ë§›ì§‘ì´ì˜ˆìš”. ì§„ì‹¬ ì‚¬ìž¥ë‹˜ì´ëž‘ ì¼í•˜ì‹œëŠ” ë¶„ë“¤ ë„ˆë¬´ ì¹œì ˆí•˜ê³  ì¢‹ì•„ìš”.
ì˜¤ë¦¬ê³ ê¸° ì•ˆì‹ê²Œ ë”°ìˆœ ë¶ˆíŒì—ì„œ ë¨¹ì„ ìˆ˜ ìžˆì–´ ì¢‹ìŒ.
ì§„ì‹¬ ì¡´ë§›íƒ±ìž…ë‹ˆë‹¤ â™¡-â™¡
ë”ë³´ê¸°"
14,"ì–‘ì´ ì§„ì§œ ë§Žì•„ì„œ ë°°ë¶€ë¥¸ë°ë„ ë„ˆë¬´ ë§›ìžˆì–´ì„œ í¬ê¸°ëª»í•˜ê³  ê³„ì† ìž…ì— ë„£ê²Œ ë¼ìš”... ìº í•‘ ì»¨ì…‰ì˜ ì‹ë‹¹ì´ë¼ ê·¸ë¦‡ë“¤ë¶€í„° ë¶ˆë©ì˜ìƒì´ ë‚˜ì˜¤ëŠ” ìŠ¤í¬ë¦°, ê³³ê³³ì— ìžˆëŠ” ì˜¤ë¡œë¼ ì¡°ëª…, í…Œì´ë¸”ë§ˆë‹¤ ìžˆëŠ” ì•„ì´ìŠ¤ë°•ìŠ¤ ëª¨ë‘ ê°ì„±ì´ ì¶©ë§Œí–ˆì–´ìš” ì˜¤ë¦¬ê³ ê¸°ì— ë¶€ì¶”ëž‘ ë²„ì„¯ ë‘ë¶€ ë‹¤ ë§›ìžˆì§€ë§Œ íŒŒê¹€ì¹˜ê°€ ì§„ì§œ ìµœê³ ì—ìš”!! ì‚¬ìž¥ë‹˜ ê°ì‚¬í•©ë‹ˆë‹¤ ë²ˆì°½í•˜ì„¸ìš”!!"
15,"ì‚¬ìž¥ë‹˜ê³¼ ì§ì›ë¶„ë“¤ ì¹œì ˆí•˜ì‹œê³  ìž˜ êµ¬ì›Œì£¼ì„¸ìš”
ë°˜ì°¬ì´ëž‘ ë©”ì¸ë©”ë‰´ ëª¨ë‘ ë§›ìžˆì—ˆìŠµë‹ˆë‹¤!!
ëŒíŒêµ¬ì´ë¼ ë‚˜ë¬¼ êµ¬ì›Œë¨¹ìœ¼ë‹ˆ ë§›ìžˆë„¤ìš”!
ëˆ„ë£½ì§€ë„ jmtðŸ‘ðŸ‘ðŸ‘
ë”ë³´ê¸°"
16,ì˜¤ëžœë§Œì— ì˜¤ë¦¬ê³ ê¸° ë¨¹ì—ˆëŠ”ë° ìž¡ë‚´ í•˜ë‚˜ë„ ì•ˆë‚˜ê³  ì™„ì „ ë§›ìžˆê²Œ ë¨¹ì—ˆì–´ìš” ë¬´ìŒˆì— ì–¹ì–´ì„œ ì†Œì£¼í•œìž” í•˜ë©´ ì™„ì „ ê·¹ë½...â¤ï¸ ë³¶ìŒë°¥ë„ ë§›ìžˆì–´ì„œ ì²˜ìŒì— 1ê°œ ì£¼ë¬¸í–ˆë‹¤ê°€ 1ê°œ ë” ì‹œì¼œë¨¹ì—ˆì–´ìš” ã…‹ã…‹ã…‹ã…‹ ì•žìœ¼ë¡œ ì˜¤ë¦¬ëŠ” ë¬´ì¡°ê±´ ìš”ê¸°ë¡œ ê°€ë ¤ê³ ìš” ëŒíŒì´ë¼ì„œ ëœ¨ëœ»í•œë° ì–¼ìŒë¬¼ìˆ˜ê±´ ì£¼ì…”ì„œ ë¥ì§€ì•Šê²Œ ë¨¹ì„ ìˆ˜ ìžˆì–´ìš”
17,ì—¬ìžì¹œêµ¬ì™€ 100ì¼ê¸°ë…ìœ¼ë¡œ ì™”ëŠ”ë° ìŒì‹ë„ ë§›ìžˆê³  ì–‘ë„ ë§Žì•˜ì–´ìš”.ìº í•‘ìž¥ ë¶„ìœ„ê¸°ë¼ì„œ ê·¸ëŸ°ì§€ ë¶„ìœ„ê¸° ë•Œë¬¸ì— ì—¬ìžì¹œêµ¬ ì°¸ ì¢‹ì•„í•˜ë”ë¼ê³ ìš”!
18,17ì‹œ ì²«íƒ€ìž„ ì˜ˆì•½í•˜ê³  ë°©ë¬¸í–ˆì–´ìš”! ëŒíŒ ì˜¨ë„ì™€ ìŒì‹ì´ ë¹ ë¥´ê²Œ ì¤€ë¹„ë˜ë‹ˆê¹Œ ë„˜ ì¢‹ë”ë¼êµ¬ìš©ã…Žã…Ž ê¸ˆë°© ë‚˜ì˜¨ ì˜¤ë¦¬ ì–‘ë… ë°˜ë§ˆë¦¬ë„ ìž¡ë‚´ í•˜ë‚˜ ì—†ê³  ì§„ì§œ ë§›ìžˆê²Œ ìž˜ ë¨¹ê³  ì™”ì–´ìš”~~ ë¶€ì¶”ì „ì€ ì„œë¹„ìŠ¤ë¡œ ì£¼ì…¨ëŠ”ë° ë°”ì‚­í•œ ë§›ì´..ðŸ‘ ë§ˆë¬´ë¦¬ë¡œ ë³¶ìŒë°¥ê¹Œì§€ ë¨¹ê³  ì™”ìŠµë‹ˆë‹¤ ã…‹ã…‹ã…‹ ë§¤ìž¥ì´ ìº í•‘ìž¥ ë¶„ìœ„ê¸°ë¼ ì´ìƒ‰ì ì´ì—ìš”! ì˜¤ëŠ˜ì€ ì°¨ ê°€ì§€ê³  ê°€ì„œ ìˆ ì€ ì•ˆë§ˆì…¨ëŠ”ë° ë‚˜ì¤‘ì—” ë§¥ì£¼í•œìž” í•˜ëŸ¬ ìž¬ë°©ë¬¸ í•˜ë ¤êµ¬ìš”!!! ê°•ì¶”âœ¨ï¸
19,ì˜¤ë¦¬ê³ ê¸°ëŠ” ì²˜ìŒ ë¨¹ì–´ë³´ëŠ”ë° ë„˜ ë§›ìžˆê²Œ ìž˜ ë¨¹ê³ ê°‘ë‹ˆë‹¤ðŸ‘ðŸ˜ƒ
20,ìžì£¼ì˜¤ëŠ” ë§›ì§‘ìž…ë‹ˆë‹¤~ ìº í•‘ìž¥ ì˜¨ë“¯í•œ ë¶„ìœ„ê¸°ì— í•˜ì´ë³¼ê¹Œì§€ í•¨ê»˜ ë¨¹ì„ ìˆ˜ ìžˆëŠ” ì´ìƒ‰ì ì¸ ë¶„ìœ„ê¸°ì˜ ì˜¤ë¦¬ê³ ê¸°ì§‘ ã…Žã…Ž ì˜¤ë¦¬ê³ ê¸°ëŠ” ë¹„ë¦°ë‚´ì—†ì´ ì‹ ì„ í•œ ì•„ì±„ì™€ ë°°í„°ì§€ê²Œ ë¨¹ê³ ì™”ì–´ìš”. ì¹œì ˆí•˜ì‹  ì§ì›ë¶„ë“¤ì˜ ì„œë¹„ìŠ¤ì™€ íž™í•œ ë¶„ìœ„ê¸° ê°•ì¶” í•©ë‹ˆë‹¤:)
21,"ë¶„ìœ„ê¸° ìº í•‘ê°ì„±ì— ì§ì›ë¶„ë“¤ ì‚¬ìž¥ë‹˜ ì¹œì ˆí•´ì„œ ì¢…ì¢… ì°¾ì•„ì˜¤ëŠ” ëŒíŒì˜¤ë¦¬êµ¬ì´ì§‘ì´ì—ìš”
ë°˜ë°˜ì£¼ë¬¸ê°€ëŠ¥í•˜ë‹ˆ ë‘ê°€ì§€ êµ¬ì´ ë‹¤ ë¨¹ëŠ”ê²Œ ì ¤ì¢‹ìŠµë‹ˆë‹¹ðŸ‘
ë‹¤ êµ¬ì›Œì¤˜ì„œ ë¨¹ê¸°ë§Œí•˜ë©´ë©ë‹ˆë©ðŸ˜™"
22,"ë‘˜ì´ ê°€ì„œ ì˜¤ë¦¬ ë°˜ë§ˆë¦¬ì— ë³¶ìŒë°¥ì´ëž‘ ì„œë¹„ìŠ¤ë¡œ ì£¼ì‹  ê°ìžì „ê¹Œì§€ ë°°ë¶€ë¥´ê³  ë§›ìžˆê²Œ ë¨¹ê³  ì™”ì–´ìš”!
ì–‘ë…ìœ¼ë¡œ ë¨¹ì„ê¹Œ ê³ ë¯¼í•˜ë‹¤ê°€ ê¸°ë³¸ìœ¼ë¡œ ë¨¹ì—ˆëŠ”ë°
ìž¡ë‚´ë„ ì—†ê³  ì•½ê°„ íŠ€ê¸°ë“¯ êµ¬ì›Œì§„ê²ƒë„ ë§›ìžˆì—ˆì–´ìš”!
ì„œë¹„ìŠ¤ë¡œ ì£¼ì‹  ê°ìžì „ë„ ë°©ê¸ˆ ë§‰ êµ¬ì›Œì£¼ì‹ ê±°ë¼ ë”°ëœ»í•˜ê³  ë°”ì‚­ë°”ì‚­ í•´ì„œ ì¢‹ì•˜êµ¬ìš”
ë”ìš¸ê¹Œë´ ì„ í’ê¸°ì— ì—ì–´ì»¨ì— ì°¨ê°€ìš´ ë¬¼ìˆ˜ê±´ê¹Œì§€
ì—„ì²­ ì¹œì ˆí•˜ì„¸ìš” ã…Žã…Ž
ì–‘ë…ë„ ê¶ê¸ˆí•´ì„œ ë‹¤ìŒì— ë˜ ë°©ë¬¸í• ê²Œìš”!
ë”ë³´ê¸°"
23,"ì™€ ì—¬ê¸° ì§„ì§œ ë„ˆë¬´ë„ˆë¬´ ë§›ìžˆì–´ìš”
ì˜¤ë¦¬ ë„˜ ë¶€ë“œëŸ½ê³  ì£¼ë¬¼ëŸ­ ì–‘ë… ëŒ€ë°•ì´ê³  ë°‘ë°˜ì°¬ í•˜ë‚˜í•˜ë‚˜ ë‹¤ ë„˜ ë§›ìžˆê³  êµ­ìˆ˜ ìœ¡ìˆ˜ë„ ìµœê³ 
ë¶„ìœ„ê¸°ë„ íž™í•˜ê³  ì‚¬ìž¥ë‹˜ ì§ì›ë¶„ ë‹¤ ì™•ì¹œì ˆ
ì§„ì§œ ë˜ ê°€ê³ ì‹¶ì–´ìš”ã…‹ã…‹
ë”ë³´ê¸°"
24,ê³ ê¸° ëƒ„ìƒˆë„ ì—†ê³  ë„˜ ë§›ìžˆì–´ìš”!! ì–‘ë…ê¹Œì§€ ì™„ë²½ðŸ‘ ìˆ ì´ ìˆ ìˆ  ë“¤ì–´ê°€ìš©ã…‹ã…‹ã…‹ã…‹ã…‹ã…‹ì•„ì´ìŠ¤ë°•ìŠ¤ì— ìˆ ë„ ë‹´ì•„ì£¼ì…”ì„œ ì¢‹ì•„ìš”. ê·¸ë¦¬ê³  ë°˜ì°¬ë“¤ ë‹¤ ë„˜ ë§›ìžˆì–´ìš”~~íŠ¹ížˆ ëŒ€íŒŒê¹€ì¹˜ ê¼­ ë“œì„¸ì—¬ðŸ˜‹
25,"ë§¤ì½¤í•œ ì˜¤ë¦¬êµ¬ì´ê°€ ëŒíŒì—ì„œ ë„ˆë¬´ ë§›ë‚˜ê²Œ ìµì–´ì„œ ì§„ì§œ ë§›ìžˆê²Œ ë¨¹ì—ˆë„¤ìš” ìƒì¶”ì— ì‹¸ë¨¹ëŠ” ë§›ì´ëž€ ì§„ì§œ ìµœê³ ë„¤ìš” ìž¡ë‚´ë„ ì—†ê³  ì˜¤ë¦¬ì˜ë§› ê·¸ëŒ€ë£Œ ì „í•´ì§€ë„¤ìš”.
ë³¶ìŒë°¥ë„ ë¨¹ì—ˆëŠ”ë° ë§ˆë¬´ë¦¬ëŠ” ì—­ì‹œ ë³¶ìŒë°¥ ì´ë„¤ìš”.ë„ˆë¬´ ë§›ìžˆì–´ìš” ã…Žì¹œì ˆí•œ ì‚¬ìž¥ë‹˜ë„ ê°ì‚¬í•©ë‹ˆë‹¤ ~^^"
26,"ë¡œì»¬ ë™ë„¤ ë§›ì§‘ìœ¼ë¡œ ìœ ëª…í•œ ìžì£¼ì˜¤ë¦¬ëŒíŒêµ¬ì´!
ì´ë¦„ì— ë§žê²Œ ëŒíŒì— êµ¬ì›Œ ë¨¹ì„ ìˆ˜ ìžˆê³ , ê°€ê²Œ ë¶„ìœ„ê¸°ë„ ë„˜ íŠ¹ë³„í•´ìš”!

ì‹¤ì œë¡œ ì •ë§ ì·¨í–¥ì €ê²©ì´ë¼ ì‹¹ì“¸ì´ í–ˆë„¤ìš”..
í˜„ì§€ì¸ ë§›ì§‘ ì¸ì •í•©ë‹ˆë‹¤
ìž¬ë°©ë¬¸ ì˜ì‚¬ 100%ðŸ˜‹!!
ë”ë³´ê¸°"
27,"ì—¬ìžì¹œêµ¬ëž‘ ê°™ì´ ë°©ë¬¸í–ˆìŠµë‹ˆë‹¤ í‰ì¼ì¸ë°ë„ ë¶ˆêµ¬í•˜ê³ 
ì‚¬ëžŒì´ ì •ë§ ë§Žì•˜ì–´ìš” ê·¸ë§Œí¼ ë§›ë„ ìžˆì—ˆê³  ì§ì›ë¶„ë“¤ë„ ì¹œì ˆí•˜ì…”ì„œ ë§›ìžˆê²Œ ìž˜ ë¨¹ì—ˆìŠµë‹ˆë‹¤ ëƒ‰ë©´ì´ëž‘ ë³¶ìŒë°¥ ê¼­ ë“œì‹œê¸¸ ë°”ëžë‹ˆë‹¤ ê°ì‚¬í•©ë‹ˆë‹¤â€¼ï¸"
28,ë„ˆë¬´ ë§›ìžˆì–´ìš”!! ì˜¤ë¦¬ê³ ê¸°ëž‘ ì–‘ë…ë„ ë§›ìžˆê³  ì•¼ì±„ë„ ë§Žì•„ì„œ ë„ˆë¬´ ì¢‹ì•„ìš”! ë°‘ë°˜ì°¬ë„ ë§›ìžˆê³  ì†Œì£¼ë„ ì‹œì›í•´ì„œ ìž˜ ë¨¹ì—ˆìŠµë‹ˆë‹¤! ì‚¬ìž¥ë‹˜ì´ ë„˜ ì¹œì ˆí•˜ì„¸ì˜¤ðŸ’–
29,"ì˜¤ë¦¬ê³ ê¸° ì¢‹ì•„í•˜ëŠ”ë° ê¹€ëŸ‰ìž¥ë™ì— ì´ëŸ° ë§›ì§‘ì´ ìžˆëŠ”ì§€ ëª°ëžë„¤ìš”! ìƒì˜¤ë¦¬ê³ ê¸°ëž‘ ì–‘ë…ì´ëž‘ ë‘˜ë‹¤ ë¨¹ì–´ë´¤ëŠ”ë°
ìƒì˜¤ë¦¬ê³ ê¸°ëŠ” ì™„ì „ ë§›ìžˆê³  ì–‘ë…ë„ ìž˜ë°°ê²¨ì„œ ë§›ìžˆì—ˆì–´ìš”
ì–‘ë…ì— ë²„ì„¯ì€ ì§„ì§œ ì œ ìŠ¤íƒ€ì¼! ìˆœë‘ë¶€ì°Œê°œì— ë°¥ë„ ë¨¹ì—ˆë„¤ìš” ì˜¤ëŠ˜ì€ ì½œë¼ ë¨¹ì—ˆëŠ”ë° ë‹¤ìŒë²ˆì—” ì†Œì£¼ëž‘ ê°™ì´ ë¨¹ê³  ì‹¶ë„¤ìš”^^"
30,"ì†ì´ˆì—ì„œ ìš©ì¸ê¹Œì§€ 3ì‹œê°„ 30ë¶„ ê±¸ì³ì„œì˜¨
ìžì£¼ì˜¤ë¦¬ê³ ê¸°â£ï¸
ì—¬ìžì¹­êµ¬ëž‘ ì™”ëŠ”ë° ë„ˆë¬´ ë§Œì¡±í–ˆì–´ìš”â£ï¸
ìŒì‹ë„ ë§›ìžˆê³  ì¸í…Œì´ëŸ¬ë„ ë„ˆë¬´ ì¢‹êµ¬ ì‚¬ëž‘ìž…ë‹ˆë‹¤
ê¼­ì˜¤ì„¸ìš”!!â¤ï¸
ë”ë³´ê¸°"
31,"ì—­ì‹œë‚˜ ë„ˆë¬´ ë§›ìžˆì–´ìš”!! ì‚¼ê²¹ì‚´ê¹Œì§€ ë¨¹ê³ ì‹¶ì—ˆëŠ”ë° ì˜¤ëŠ˜ì€ ë‘˜ì´ ì™€ì„œ ì˜¤ë¦¬ë°–ì— ëª»ë¨¹ì—ˆì–´ìš¤ ã…œã…œ
ì‚¬ìž¥ë‹˜ê»˜ì„œ ìš”ì¦˜ ê³ ê¸° êµ¬ì›Œë¨¹ê¸° íž˜ë“  ë‚ ì”¨ë¼ê³  ì•„ì´ìŠ¤ë°•ìŠ¤ì— ì‹œì›í•œ ë¬¼ìˆ˜ê±´ ë„£ì–´ì£¼ì…”ì„œ ëª©ì— ê±¸ì¹˜ê³  ë¨¹ì—ˆì–´ìš”ã…‹ã…‹ã…‹ã…‹
ì¢€ ë¯¼ë§í•˜ê¸´í•˜ì§€ë§Œ ê·¸ëž˜ì„œ ë” ì‹œì›í•˜ê³  ìž¬ë¯¸ìžˆê²Œ ë¨¹ì„ ìˆ˜ ìžˆì—ˆë„¤ìš© ë˜ ì˜¬ê²Œì—¬!"
32,ì˜¤ë¦¬ê³ ê¸° ë„ˆë¬´ ì¢‹ì•„í•˜ëŠ”ë° ë‚¨ìžì¹œêµ¬ëž‘ ê°€ì„œ ë§›ìžˆê²Œ ë¨¹ê³ ì™”ìŠµë‹ˆë‹¤ ~~~ ìº í•‘ ë¶„ìœ„ê¸° ì¸í…Œë¦¬ì–´ ë©‹ì ¸ìš” ðŸ˜ŽðŸ‘ðŸ»ðŸ‘ðŸ»
33,ì–‘ë„ ë§Žê³  ì§„ì§œ ë§›ìžˆì–´ìš”ã…  ê¹€ëŸ‰ìž¥ ìµœê³  ë§›ì§‘ìž…ë‹ˆë‹¹ ì‚¬ìž¥ë‹˜ë„ ì¹œì ˆí•˜ì‹œê³  ì§ì›ë¶„ë“¤ë„ ì˜ˆì˜ê³  ìž˜ìƒê²¼ì–´ìš©ðŸ«¶ ê¸‰í•˜ê²Œ ë¨¹ëŠë¼ ì‚¬ì§„ì„ ëª»ì°ì—ˆë„¤ìš”ã… ã…  ìž˜ë¨¹ì˜¸ìŠµë‹ˆë‹¹ðŸ‘
34,ë¶„ìœ„ê¸°ë„ ì¢‹ê³  ë§›ìžˆì–´ìš”
35,"ì˜¤ë¦¬êµ¬ì´ê°€ ìƒê°ë‚ ë•Œ ë°©ë¬¸í•˜ëŠ”ê³³ì¸ë°
ë§›ìžˆì–´ìš”!"
36,"ë§ë³µë‚  !!!!

í›„íšŒë¥¼ ì—„ì²­í•œ ì„ íƒì´ì˜€ë‹¤
ë„ˆë¬´ ë”ìš´ë‚ ì´ì˜€ëŠ”ë° ê°€ê²Œ ì•ˆì€ ì§„ì§œ ë¶ˆêµ¬ë©ì´ê°™ì•˜ë‹¤
ì—°ê¸° ë•Œë¬¸ì— ëˆˆë¬¼,ì½§ë¬¼ ë‹¤ ë¹¼ë©´ì„œ ìŒì‹ì„ ë¨¹ì–´ì„œì¸ì§€ ìŒì‹ ë¨¹ìœ¼ë©´ì„œ ì–˜ê¸°ë¥¼ í•˜ë ¤ëŠ”ê±´ ìƒê°ì¡°ì°¨ í• ìˆ˜ì—†ë‹¤
ìžë¦¬ë„ ì‹ ë°œë²—ê³  ì•‰ì•„ ë¨¹ëŠ” ê³³ì´ë¼ ë„˜ ë¶ˆíŽ¸í–ˆë‹¤
ê³ ê¸°ëŠ” ê´œì°®ì•˜ì§€ë§Œ
ì ˆëŒ€ ì—¬ë¦„ì—” ê°€ê³ ì‹¶ì§€ ì•Šì€ê³³ì´ë‹¤
ì§„ì§œ ë¥ë‹¤ ë„ˆë¬´!!!
ë”ë³´ê¸°"
37,"ìƒì˜¤ë¦¬êµ¬ì´, ì‚¼ê²¹ì‚´ì„ ë¨¹ì—ˆì–´ìš”. ë¶€ì¶”, ë²„ì„¯ì„ ë„£ê³  í•¨ê»˜ ë³¶ì•„ ë¨¹ìœ¼ë‹ˆê¹Œ ë„ˆë¬´ ë§›ìžˆì–´ìš”. ë˜ ê°€ë³´ê³ ì‹¶ì€ ë§›ì§‘ì´ë”êµ¬ìš”.
ê¼­ ìº í•‘ê°€ì„œ ë¨¹ëŠ” ë¶„ìœ„ê¸°ê°€ ëŠê»´ì¡Œì–´ìš”. ê°€ë³´ì‹ ë¶„ë“¤ì€ ê·¸ ì˜ë¯¸ë¥¼ ì•Œê²ë‹ˆë‹¤. ã…Ž ë„˜ ì¢‹ì•˜ë‹µë‹ˆë‹¤."
38,"ì•„ì´ê°€ ì˜¤ë¦¬ê³ ê¸° ì¢‹ì•„í•´ì„œ ì°¾ì•„ë³´ê³  ë°©ë¬¸í–ˆìŠµë‹ˆë‹¤.
ì²¨ì— ì‚¬ì§„ ë³´ê³  ì•„ì´ëž‘ ê°€ê¸° ê´œì°®ë‚˜ ê±±ì •ë„ í–ˆëŠ”ë° ì‚¬ìž¥ë‹˜ ì§ì›ë¶„ë“¤ ë„ˆë¬´ ì¹œì ˆí•˜ê²Œ í•´ì£¼ì…”ì„œ íŽ¸ížˆ ë§›ìžˆê²Œ ìž˜ë¨¹ê³  ì™”ìŠµë‹ˆë‹¤."
39,"ìž¡ë‚´ê°€ ì ê³  ì œê°€ ì˜¤ë¦¬ê³ ê¸° ì¢‹ì•„í•´ì„œ ìœ ëª…ë§›ì§‘ ë‹¤ë‹ˆëŠ”ë°
ì§€ì§€ì•ŠëŠ”ë§›ì´ì—ìš”!!! ì„œë¹„ìŠ¤ë„ ë„ˆë¬´ ì¹œì ˆí•˜ê³  xxí’ê²½ë³´ë‹¤ ë‚˜ì•„ì—¬"
40,ì˜¤ëžœë§Œì— ì˜¤ë¦¬ê³ ê¸° ë¨¹ìœ¼ëŸ¬ ê°„ê±´ë° ì •ë§ ë„ˆë¬´ ë§›ìžˆì—ˆì–´ìš”!!!! ë‚¨ìžì¹œêµ¬ ë°ë¦¬ê³  ì™”ëŠ”ë° ë‚¨ìžì¹œêµ¬ë„ ì—„ì²­ ë§›ìžˆë‹¤ê³  í–ˆì–´ìš”ðŸ¥¹â¤ï¸ðŸ‘ ë²„ì„¯ í‚¬ëŸ¬ë¼ì„œ ì…€í”„ë°”ì— ìžˆëŠ” ë²„ì„¯ ì™•ì°½ êµ¬ì›Œë¨¹ê³  ì¦ê±°ìš´ ë§›ì§‘ ë°ì´íŠ¸ ì˜€ìŠµë‹ˆë‹¤ ã…Žã…Žã…Žã…Ž ë§ˆë¬´ë¦¬ ë³¶ìŒë°¥ì€ ì¡´ë§›ì´ë‹ˆ ê¼­ ë“œì‹œê¸¸!!!!
41,ì—¬ê¸° íŒŒê¹€ì¹˜ê°€ í‚¼!!!!
42,"ìžë¦¬ ì•‰ìžë§ˆìž ëŒ€ë¹µí° ëŒíŒ(ì‚´ë©´ì„œ ì´ë ‡ê²Œ í° ëŒíŒ ì²˜ìŒ ë´„ðŸ˜®)ì— ë¶ˆ ì˜¬ë ¤ì£¼ì„¸ìš”! ëŒíŒ ë‹¬ê¶ˆì§ˆë™ì•ˆ ê¸°ë‹¤ë¦¬ëŠ”ë° ê°‘ìžê¸° ì‚¬ìž¥ë‹˜ì´ ë¶€ì¹¨ê°œ ë°©ê¸ˆë¶€ì¹œê±° ëŒíŒì— ì˜¬ë ¤ë†”ì£¼ê³  ê°€ì‹¬ã…‹ã…‹ã…‹ã…‹ã…‹ ë°©ê¸ˆ ê°“êµ¬ì›Œì„œ ëœ¨ê²ê³  ë°”ì‚­í•œë° ë´„ë‚˜ë¬¼ ë¬´ì¹œê±° ì˜¬ë¦¬ë‹ˆê¹Œ ê·¹ë½â€¦.ðŸ’•
ìƒì˜¤ë¦¬ê³ ê¸°ëŠ” ë§í•´ë­í•´ ëŒíŒì— ì§€ê¸€ì§€ê¸€ ë„˜ ë§›ìžˆê³  ã…  ì†Œë§¥ ë•¡ê²¼ëŠ”ë° ì°¨ìžˆì–´ì„œ ë…¼ì•Œì½œ íŒ¨ì…˜í›„ë¥´ì¸ í•˜ì´ë³¼ ë§ˆì…¨ì–´ìš” ê·¼ë° ì™€ ì—ì´ë“œê°™ì´ ì‹œì›í•œë° ì›¬ë§Œí•œ ì¹´íŽ˜ë³´ë‹¤ ë§›ìžˆì—ˆìŒ!!
ê·¼ë° ì—¬ê¸° ëƒ‰ë©´ë§›ì§‘â€¦?ðŸ˜… ëƒ‰ë©´ ë©´ë°œë¶€í„° ìœ¡ìˆ˜ê¹Œì§€ ë„ˆë¬´ ë§›ìžˆì–´ì„œ ì˜¤ë¦¬ê³ ê¸° ëŒëŒë§ì•„ì„œ ë¨¹ì—ˆë”ë‹ˆ ê¸°ì ˆâ€¦
ëŒíŒì— êµ¬ì›Œë¨¹ìœ¼ë¼ê³  ì•¼ì±„ ì£¼ì‹œëŠ”ê²ƒë„ ê°ìž ì™¤ì¼€ ë§›ìžˆì–´ ì•„ì§„ì§œã…œã…œ ê·¸ì™€ì¤‘ì— ì‚¬ìž¥ë‹˜ì´ ë´„ì´ë‹ˆê¹Œ ë´„ë‚˜ë¬¼ ë§Žì´ë¨¹ìœ¼ë¼ê³  ë‚˜ë¬¼ ë” ê°–ë‹¤ì£¼ì‹¬!!
ì§„ì§œ ë„˜ë„˜ ìž˜ë¨¹ê³ ê°€ìš” ìš©ì¸ì˜¤ë¦¬ê³ ê¸° ë§›ì§‘ ì°¾ìœ¼ì‹œë©´ ë¬´ì¡°ê±´ ìžì£¼ì˜¤ë¼ëŒíŒêµ¬ì´ ì¶”ì²œí•´ìš”â¤ï¸
ë”ë³´ê¸°"
43,ë§›ìžˆëŠ” ì˜¤ë¦¬â™¡ ëƒ‰ë©´ì€ ë®¤ì§„ì§± ë§›ìžˆì–´ìš”!!
44,"ì˜¤ë¦¬ê³ ê¸° ë„ˆë¬´ ë§›ìžˆì–´ìš” ðŸ¥¹
ê·¸ë¦¬ê³  ë²„ì„¯ì´ëž‘ ë¶€ì¶”ê°€ ì…€í”„ë°”ì— ìžˆëŠ”ë° ë²„ì„¯êµ¬ì›Œì„œ ë¨¹ìœ¼ë©´ ì •ë§ì •ë§ ì´‰ì´‰ë¶€ë“œëŸ½ê³  ì˜¤ë¦¬ê³ ê¸°ëž‘ ê°™ì´ ë¨¹ìœ¼ë©´ ê·¹ë½ìž…ë‹ˆë‹¤ ã…Žã…Ž ì™„ì „ ê°•ì¶”í•´ì—¬"
45,"ìƒì˜¤ë¦¬êµ¬ì´ í”í•˜ì§€ ì•Šì€ë°
ê³ ê¸°ì—ì„œ ì‹ ì„ í•¨ì´ ê·¸ëŒ€ë¡œ ëŠê»´ì ¸ìš”!
ìž¡ë‚´ ì „í˜€ ì—†ê³ 
ì‚¬ìž¥ë‹˜ì˜ ì†ë§› ê°€ë“í•œ ë´„ë‚˜ë¬¼ ë¬´ì¹¨, ìŒˆ ë¬´â€¦ ì •ë§ ë§›ìžˆì–´ìš”!! ìˆ  ì¢…ë¥˜ë„ ë§Žì•„ì„œ ê³ ë¥´ëŠ” ìž¬ë¯¸ë„ ìžˆê³  ì•„ì´ìŠ¤ë°•ìŠ¤ì— ìˆ  ë„£ì–´ë‘ê³  ë°”ë¡œ ë°”ë¡œ ì‹œì›í•˜ê²Œ ë¨¹ì„ ìˆ˜ ìžˆëŠ”ê²ƒë„ í–‰ë³µí–ˆì–´ìš” ã…Žã…Ž
ì‚¬ìž¥ë‹˜ ì†ë§›ë„ ë„ˆë¬´ ì¢‹ì§€ë§Œ ì¹œê·¼í•˜ê³  ë”°ëœ»í•´ì„œ ì¢‹ë”ë¼êµ¬ìš” ã…Žã…Ž ëª¨ë‘ ë§›ë³´ëŸ¬ ê°€ì„¸ìš”!!
ë”ë³´ê¸°"
46,ì´ë¯¸ ëª‡ì°¨ë¡€ë‚˜ ë°©ë¬¸í•´ì„œ ê²€ì¦ëœ ìš©ì¸ë§›ì§‘ìœ¼ë¡œ ìƒì˜¤ë¦¬ ë¡œìŠ¤êµ¬ì´ ë¨¹ê³ ì‹¶ì„ë• ê¼­ ì—¬ê¸°ì™€ì„œ ë¨¹ì–´ìš”ã…Žã…Žã…Žê¹€ëŸ‰ìž¥ë™ì— ì˜¤ë¦¬ê³ ê¹ƒì§‘ì´ ìžˆëŠ”ê²Œ ìš°ì„  ë„ˆë¬´ ì¢‹ê³  ìƒì˜¤ë¦¬ í•œë§ˆë¦¬ê°€ ì–´ì©œ ì´ë ‡ê²Œ ì§ˆì¢‹ê³  ì‹±ì‹±í•œì§€ ê°™ì´ ë‚˜ì˜¤ëŠ” ê³ë“¤ìž„ ì•¼ì±„ë„ ì¢‹ê³  ë°‘ë°˜ì°¬ë„ ë‹¤ ë§›ìžˆì–´ìš©ã…Žã…Ž ì˜¤ë¦¬ëŠ” ë­ ë§›ìžˆëŠ”ê±° ì•„ì‹œê² ë””ë§Œ ì‚¼ê²¹ì‚´ì´ëž‘ ë³¶ìŒë°¥ì´ ì§„ì§œ ë§›ìžˆê¸° ë•Œë¬¸ì— ê¼­ê¼­ ë“œì…”ë³´ì…”ì•¼í•´ìš”!!!!!
47,"ì˜ˆì „ì˜ ëŒíŒêµ¬ì´ ëª¨ìŠµì„ íƒˆí”¼í•´ì„œ ìƒˆë¡œ ë°”ë€ ìžì£¼ì˜¤ë¦¬ ëŒíŒêµ¬ì´!! ë§›ê³¼ ê°€ê²©ì€ ê°€ì„±ë¹„ ë§›ì§‘ìœ¼ë¡œ ìµœê³ ìž…ë‹ˆë‹¤.ã…Žã…Ž
ê·¸ë¦¬ê³  ì£¼ë¥˜ë„ íŽ¸í•˜ê²Œ ë¨¹ì„ ìˆ˜ ìžˆê³  ì•¼ì±„ ë° ì±„ì†ŒëŠ” ì…€í”„ë°”ì—ì„œ ë¬´í•œë¦¬í•„ ê°€ëŠ¥!! ê°€ì„±ë¹„ ìµœê³ ì˜ ì˜¤ë¦¬ì§‘ ì˜ˆì•½ì€ í•„ìˆ˜!! ë‹¹ì¼ í•œì •íŒë§¤!!"
48,"ìº í•‘ìž¥ë¶„ìœ„ê¸°ì˜ ì•„ëŠ‘í•˜ê³  ì¸í…Œë¦¬ì–´ê°€ ë˜ê²Œ ì´ìƒ‰ì ì´ì—ìš”
ì˜ˆì•½í•˜ê³  ê°€ë‹ˆê¹Œ ë¶ˆíŒë„ ë¯¸ë¦¬ ëŽí˜€ë†”ì£¼ì…¨ì–´ìš”
í‰ì¼ì¸ë°ë„ ì‚¬ëžŒì´ ë¶ì ë¶ì í•˜ê³ 
ì‚¬ìž¥ë‹˜ë„ ë„ˆë¬´ ì¹œì ˆí•˜ì…¨ìŠµë‹ˆë‹¤!
ìš©ì¸ì˜¤ë¦¬ê³ ê¸° ë§›ì§‘ ì´ë§Œí•œê³³ ì—†ë‹¤ê³  ìƒê°í•´ìš”ðŸ‘ðŸ»
ë”ë³´ê¸°"
49,ìº í•‘ìž¥ë¶„ìœ„ê¸°ì˜ ì•„ëŠ‘í•œ ì¸í…Œë¦¬ì–´ê°€ ë§ˆìŒì— ë“¤ì—ˆë˜ ê³³ì´ì—ìš” ì˜ˆì•½ì„ ë¯¸ë¦¬ í•˜ê³  ê°€ì„œ ë°˜ì°¬ë¶€í„° ë¶ˆíŒê¹Œì§€ ì„¸íŒ…ì´ ë˜ì–´ìžˆì–´ì„œ ë„ˆë¬´ ì¢‹ì•˜ê³  í‰ì¼ì¸ë°ë„ ì‚¬ëžŒì´ ì§„ì§œ ë§Žë”ë¼ê³ ìš”~ ì˜¤ë¦¬ê³ ê¸°ê°€ ì •ë§ ë‹´ë°±í•˜ê³  ê³ ì†Œí•´ ë§›ìžˆì—ˆê³  ìž¡ë‚´ê°€ í•˜ë‚˜ë„ ì—†ì–´ì„œ ë§ˆì§€ë§‰ê¹Œì§€ ë§›ìžˆê²Œ ë¨¹ì—ˆì–´ìš” ë§ˆë¬´ë¦¬ ë³¶ìŒë°¥ê¹Œì§€ ì§„ì§œ ë§›ìžˆê²Œ ë¨¹ì€ ìš©ì¸ê¸°í¥ì˜¤ë¦¬ê³ ê¸° ë§›ì§‘ì´ì—ìš”~ ã…Žã…Ž ì‚¬ìž¥ë‹˜ë„ ì¹œì ˆí•˜ì…”ì„œ ë¨¹ëŠ” ë‚´ë‚´ ê¸°ë¶„ì´ ì¢‹ì•˜ë˜ ê³³ìž…ë‹ˆë‹¤~!!
50,"ì§±ì§± ë§›ìžˆëŠ” ì˜¤ë¦¬ê³ ê¸°~!~!
ëŒ€íŒŒê¹€ì¹˜ ì§ì ‘ ë‹´êµ¬ì‹ ë‹¤ëŠ”ë°
ë„ˆë¬´ ë§›ìžˆë„¤ìš”ðŸ¥°"
51,"ìš©ì¸ì˜¤ë¦¬ê³ ê¸° ë§›ì§‘ìœ¼ë¡œ ê°•ë ¥ ì¶”ì²œí•´ìš”! ë¡œìŠ¤êµ¬ì´
ë„ˆë¬´ ë§›ìžˆê³  ê³ ê¸°ë„ ë¶€ë“œëŸ½ë„¤ìš” ã…Žã…Ž
ìº í•‘ ì»¨ì…‰ì´ë¼ ì´ìƒ‰ì ì¸ ê³µê°„ì—ì„œ ì‹ì‚¬í•˜ë‹ˆ ë” ìž¬ë°Œêµ¬ìš”
ë¶€ëª¨ë‹˜ ëª¨ì‹œê³  ê°”ëŠ”ë° ë„ˆë¬´ ì¢‹ì•„í•˜ì…”ì„œ ë§Œì¡±ìŠ¤ëŸ¬ì› ì–´ìš©
ë³¶ìŒë°¥ë‘ ë§›ìžˆê³  ì§ì›ë¶„ë„ ì¹œì ˆí•˜ì„¸ìš”ðŸ’œ
ë”ë³´ê¸°"
52,ë¶„ìœ„ê¸° íž™í•˜ê³  ì¢‹ì•„ìš”â™¡
53,"ì˜ˆì•½í•˜ê³  ê°€ì„œ ëŒ€ê¸° ì—†ì´ ë°”ë¡œ ë¨¹ì„ ìˆ˜ ìžˆì—ˆì–´ìš”
ëŒíŒì— ë¨¹ì„ ìˆ˜ ìžˆëŠ” ê³³ ë§Žì§€ ì•Šì€ë° ê·¸ëž˜ì„œ ë” ë§›ìžˆëŠ” ê²ƒ ê°™ì•„ì—¬ íŠ¹ížˆ ì£¼ë¬¼ëŸ­ ê°•ì¶”ìž…ë‹ˆë‹¤!!!
ë¶„ìœ„ê¸°ë„ ì¢‹êµ¬ ì‚¬ìž¥ë‹˜ ë„˜ ì¹œì ˆí•˜ì‹­ë‹ˆë‹¹ ë˜ ê°ˆê²Œìš”"
54,"ë‚¨íŽ¸ì´ëž‘ ì €ë…ë¨¹ìœ¼ëŸ¬ ë°©ë¬¸í–ˆëŠ”ë°
ì¸í…Œë¦¬ì–´ê°€ ë„˜ ë©‹ì¡Œì–´ìš”!
ë‘˜ì´ì„œ ë¡œìŠ¤ë°˜íŒì— ë³¶ìŒë°¥ ë¨¹ìœ¼ë‹ˆ
ë”± ë§žë”ë¼êµ¬ìš©
ë‹´ì—” í•œë§ˆë¦¬ë¡œ ë°˜ë°˜ ë¨¹ì–´ë³´ë ¤êµ¬ìš©!
ëŒíŒì— êµ¬ì›Œë¨¹ëŠ” ì˜¤ë¦¬ë¡œìŠ¤ ë„˜ ë§›ìžˆê³ 
ì‹ ì„ í•œ ë²„ì„¯ê³¼ ë¶€ì¶”,íŒŒë¥¼ êµ¬ì›Œë¨¹ìœ¼ë‹ˆ ê¸ˆìƒì²¨í™”ìž…ë‹ˆë‹¤:)
ë‹¤ë¥¸ë°˜ì°¬ë“¤ë„ ë‹¤ ë§›ìžˆì—ˆì–´ìš”!
ìž¬ë°©ë¬¸ì˜ì‚¬ 100000%ìž…ë‹ˆë‹¤!
ë”ë³´ê¸°"
55,ë¨¹ì—ˆë˜ ì˜¤ë¦¬ì¤‘ì— ì ¤ ì ¤ ì ¤ ë§›ìžˆì–´ì˜¤..ðŸ‘ðŸ»ðŸ’–
56,"ì§€ì¸ë“¤ê³¼ ëª¨ìž„ìžë¦¬ë¥¼ ì•Œì•„ë³´ëŠ”ë„ì¤‘
ê´œì°®ì€ê³³ì´ ìžˆê¸¸ëž˜ ê°€ë³´ì•˜ìŠµë‹ˆë‹¤ ã…Žã…Ž
ë‚˜ë¬¼ë„ ì§ì ‘ìºì„œ ë°˜ì°¬ìœ¼ë¡œ ë‚˜ì™€ìš”!
ë¶„ìœ„ê¸°ë„ ë…íŠ¹í•´ì„œ
ì¢‹ì•˜ì–´ìš”! ì¢Œì‹í…Œì´ë¸”ì´ì§€ë§Œ
ìš°ìœ ë°•ìŠ¤ë¡œ ì˜ìžë§Œë“¤ì–´ì„œ ì•‰ì„ìˆ˜ìžˆì–´ì„œ
í‚¤í¬ì‹ ë¶„ë“¤ë„ ë‚˜ì˜ì§€ì•Šì„ê±°ê°™ì•„ìš”!
ì¶”ì²œðŸ¤—
ë”ë³´ê¸°"
57,"íž™í•œ ì˜¤ë¦¬ê³ ê¸°ì§‘ì´ ìžˆë‹¤ê³  í•´ì„œ ë‚¨íŽ¸ê³¼ ì¼ë¶€ëŸ¬ ì°¾ì•„ê°”ëŠ”ë° ë„ˆë¬´ ì¢‹ì•˜ì–´ìš”^^ ì£¼ì°¨ëŠ” ë°”ë¡œ ì˜† ê³¨ëª©ì´ë‚˜ ì²˜ì¸êµ¬ì²­ì— í•˜ë©´ ë˜ê³ , ì‹¤ë‚´ ì¸í…Œë¦¬ì–´ëŠ” íŠ¸ëžœë””í•œ ìº í•‘ê°ì„± ê·¸ëŒ€ë¡œë¼ ì •ë§ ìº í•‘ì˜¨ ê¸°ë¶„ìœ¼ë¡œ ë¨¹ì—ˆë‹µë‹ˆë‹¤. ê³ ê¸°ë„ ìž¡ë‚´ ì—†ì´ ì‹ ì„ í•˜ê³  ë…¼ì•Œì½œ í•˜ì´ë³¼ë„ ìžˆì–´ ìƒí¼í•˜ê²Œ í•¨ê»˜ ë§ˆì‹œë‹ˆ ì •ë§ ê¿€ì¡°í•©! ì…€í”„ë°”ê°€ ìžˆì–´ ì±„ì†Œë„ ë°˜ì°¬ë„ ê³„ì† ë¨¹ë‹¤ë³´ë‹ˆ ë°°ê°€ í„°ì§ˆì§€ê²½ì´ì—ˆì§€ë§Œ í‘¸ì§í•˜ê³  ë§›ìžˆê²Œ, ìº í•‘ì¦ê¸°ë‹¤ ì˜¨ ê¸°ë¶„ìž…ë‹ˆë‹¤~~ìž¬ë°©ë¬¸ì˜ì‚¬ 100%"
58,"ì˜¤ë¦¬ê³ ê¸° ì°¾ë‹¤ê°€ ë¶ˆíŒì´ ë§¤ë ¥ì ì´ë¼ ë°©ë¬¸.
ê°€ê²Œì— ë“¤ì–´ê°€ë³´ë‹ˆ ë¶ˆíŒë¿ ì•„ë‹ˆë¼,
ê°€ê²Œ ì „ì²´ ë¶„ìœ„ê¸°ê°€ ìº í•‘ ê°ì„±ìœ¼ë¡œ ë…íŠ¹í•˜ê²Œ ìž˜ê¾¸ë©°ì¡Œê³ , ë§›ìžˆì—ˆì–´ìš”.
ì‚¬ìž¥ë‹˜ì´ ì¹œì ˆí•œê±´ ë¤ì´êµ¬ìš” ðŸ˜ƒ
ì£¼ì°¨ëŠ” ê°€ê²Œì— ì „í™”í•˜ì…”ì•¼ ì—´ì–´ì£¼ì‹­ë‹ˆë‹¤!!
ë”ë³´ê¸°"
59,"ìº í•‘ ê°ì„± ì‹ë‹¹ì—ë‹¤ê°€ ì˜®ê²¨ ë†“ì„ ê²ƒ ê°™ì€ ê³³ !!@
ë„˜ ì‹ ë°•í–ˆê³  ìˆ ì´ ìˆ ìˆ  ë“¤ì–´ê°€ëŠ” ë¶„ìœ„ê¸° ì˜€ì–´ìš” ã…Žã…Ž ê²‰ê³¼ëŠ” ë˜ ë‹¤ë¥¸ ë°˜ì „ì´ëž„ê¹Œ?! ã…Žã…Ž
ì¸í…Œë¦¬ì–´ëž‘ ë¶„ìœ„ê¸°ê°€ ì¢‹ì•„ì„œ ê·¸ëŸ°ì§€ ëª°ë¼ë„
ë°˜ì°¬ë„ ë„ˆë¬´ ì‹ ì„ í–ˆê³  ì–‘ë…ë„ ë§›ë‚¬ê³  êµ­ë„ ë§›ìžˆì—ˆê³  ì•Œì°¨ì„œ ë„ˆë¬´ ì¢‹ì•˜ì–´ìš” !!!

ê·¸ë¦¬ê³  ê³ ê¸°ë„ ì§ˆì´ ì¢‹ì€ê±¸ ì“°ì‹œëŠ” ê²ƒ ê°™ì•˜ê³ 
ì‹±ì‹±í•´ì„œ ëƒ„ìƒˆ 1ë„ ì•ˆë‚¬ë„¤ìš” ã…Žã…Ž
ì•¼ì±„ë“¤ì´ëž‘ ì„žì–´ì„œ ë¨¹ìœ¼ë‹ˆ ë„˜ë‚˜ ë§›ìžˆê³  ã… ã… 
ëŒíŒì— ë³¶ìŒë°¥ ì‚¬ëž‘ì´ì¥¬ ã… ã… ã… ã… 
ê¸ì–´ë¨¹ëŠ” ìž¬ë¯¸ì— ë§›ì—.ë„˜ ì¢‹ì•˜ë„¤ìš” !!!
ë²ˆì°½í•˜ì„¸ìš” !!>_<
ë”ë³´ê¸°"
60,ë¶„ìœ„ê¸°ê°€ ìº í•‘ìž¥ ë¶„ìœ„ê¸°ë¼ ì •ë§ ì¢‹ì•˜ê³  ì‚¬ìž¥ë‹˜ë„ ì¹œì ˆí•˜ê²Œ ìƒì„¸ížˆ ì„¤ëª…í•´ì£¼ì‹œê³  ì¹œê·¼í•˜ì…¨ì–´ìš”! ê³ ê¸°ë„ ë§›ìžˆê³  ê°™ì´ ê³ë“¤ì—¬ë¨¹ëŠ” ìŒì‹ë“¤ ëª¨ë‘ ì‹ ì„ í•˜ê³  ì¢‹ì•˜ë„¤ìš” ë³¶ìŒë°¥ë„ ì§„ì§œì§„ì§œ ë§›ìžˆì—ˆìŠµë‹ˆë‹¤!!ðŸ‘ðŸ‘
61,ë§›ìžˆê²Œ ìž˜ ë¨¹ì—ˆìŠµë‹ˆë‹¤
62,
63,"ì •ë§ ë§›ìžˆëŠ” ì˜¤ë¦¬ê³ ê¸°ì§‘ì´ì—ˆìŠµë‹ˆë‹¤!
ìš©ì¸ì˜¤ë¦¬ê³ ê¸°ë§›ì§‘ ìžì£¼ì˜¤ë¦¬ëŒíŒðŸ¤
ëŒíŒì— êµ¬ì›Œë¨¹ì–´ì„œ ë” ë§›ë“¤ì–´ì¡ŒìŠµë‹ˆë‹¤!
ë²„ì„¯, ë¶€ì¶”, ì½©ë‚˜ë¬¼ ëª¨ë‘ ë‹¤ ë¬´í•œë¦¬í•„ì´ë˜ê³  ìŒˆë¬´ì™€ ì‹±ì‹±í•œ ìƒì¶”ì™€ë„ ì˜¤ë¦¬ê³ ê¸°ë¥¼ ê°™ì´ ë¨¹ì—ˆëŠ”ë° ì •ë§ ì•¼ë“¤ì•¼ë“¤í•˜ë‹ˆ ë§›ìžˆì—ˆìŠµë‹ˆë‹¤ ðŸ‘
ë”ë³´ê¸°"
64,ì‚¬ìž¥ë‹˜ë„ ì¹œì ˆí•˜ì‹œê³  ì˜¤ë¦¬ê³ ê¸°ë„ ë„˜ ë§›ìžˆì–´ìš” ì–‘ë…ìœ¼ë¡œ ë¨¹ì—ˆëŠ”ë° ì–‘ë…ì´ ìž˜ ë² ì–´ì„œ ìŒˆ ì‹¸ë¨¹ì–´ë„ ì•„ì£¼ ì¢‹ì•˜ìŠµë‹ˆë‹¤ðŸ–¤ ì¸í…Œë¦¬ì–´ë„ íž™ í•˜ê³  ìº í•‘ ëŠë‚Œ ë‚˜ì„œ ë°ì´íŠ¸ í•˜ê¸°ë„ ì •ë§ ì¢‹ì•˜ê³  ë§ˆì§€ë§‰ ë³¶ìŒë°¥ê¹Œì§€ ì™„ë²½í–ˆì–´ìš”ðŸ’• ìš©ì¸ ë§›ì§‘ìœ¼ë¡œ ì™„ì „ ì¸ì •ì´ìš” ìž¬ë°©ë¬¸í• ê²Œìš©ðŸ’–
65,"ìƒì˜¤ë¦¬ ë¡œìŠ¤ ë„ˆë¬´ ë¶€ë“œëŸ½ê³  ëƒ„ìƒˆì—†ì–´ìš”
ì–‘ë…ì€ ì–‘ë…ëŒ€ë¡œ ë„ˆë¬´ ë§›ìžˆì–´ìš”
ì˜¤ë¦¬ë¥¼ ë³„ë¡œ ì¢‹ì•„í•˜ì§€ ì•ŠëŠ”íŽ¸ì¸ë° ë„ˆë¬´ ë¶€ë“œëŸ¬ì›Œì„œ
ë§›ìžˆê²Œ ë¨¹ì—ˆë„¤ìš” ë°˜ì°¬ë“¤ì´ íŠ¹ížˆ ë²„ì„¯.ë¶€ì¶”.ëŒ€íŒŒê¹€ì¹˜
ì…€í”„ë¡œ ê³„ì† íŽ¸í•˜ê²Œ ê°€ì ¸ë‹¤ë¨¹ì„ìˆ˜ ìžˆì–´ì„œ ì¢‹ì•˜êµ¬ìš”
ìˆ ì´ëž‘ ìŒë£Œë„ ë¯¸ë¦¬ ì•„ì´ìŠ¤ë°•ìŠ¤ì— ë„£ì–´ì ¸ì„œ í…Œì´ë¸”ë§ˆë‹¤
ì…‹íŒ… ë˜ì–´ì„œ ì‹œì›í•˜ê²Œ ë§ˆì‹¤ìˆ˜ ìžˆì—ˆì–´ìš”
ë¶„ìœ„ê¸°ë„ ìº í•‘ëŠë‚Œì´ë¼ ì¢‹ì•˜êµ¬ìš”
ëŒ€íŒŒê¹€ì¹˜ ë„˜ ë§›ìžˆì—ˆì–´ìš”
ì¹œì ˆí•˜ì…”ì„œ ë” ê¸°ë¶„ì¢‹ê²Œ ë¨¹ì—ˆë„¤ìš”
ì§„ì§œ ì˜¤ëžœë§Œì— ì •ë§ ë§›ìžˆëŠ” ì˜¤ë¦¬ê³ ê¸° ë¨¹ì—ˆë„¤ìš”ã…Žã…Ž
ê°ì‚¬í•©ë‹ˆë‹¤ ~~~~
ë”ë³´ê¸°"
66,ì˜¤ë¦¬ì˜¤ë¦¬ì˜¤ë¦¬ðŸ«¨ë§›ìžˆì–´ìš”ðŸ‘ðŸ»
67,"ì–´ë¦°ì•„ì´ë‘˜ ì„±ì¸ë‘˜ ê°€ì„œ ì˜¤ë¦¬ë°˜ë§ˆë¦¬ì— ê³µê¸°ë°¥ ê·¸ë¦¬ê±° í•˜ì´ë³¼ í•œìž” ì‹œì¼œì„œ ë°°ë¶€ë¥´ê²Œ ë¨¹ì—ˆì–´ìš” ì•„ì´ë“¤ë” ìž˜ë¨¹ê³  ë§ˆì§€ë¯¹ì— ê³µê¸°ë°¥ì— ì‹œëž˜ê¸°êµ­ ë§ì•„ì„œ ë§ˆë¬´ë¦¬ í–ˆë„¤ìš”
ì‹ ì„ í•œ ìƒì˜¤ë¦¬ ëŒíŒì— êµ¬ì›Œ ë¨¹ìœ¼ë‹ˆ ë„ˆë¬´ ë§›ìžˆë”ë¦¬êµ¬ìš”

ì•¼ì±„ë“¤ë„ ì—¬ëŸ¬ì¢…ë¥˜ ë“¬ë¿ ì£¼ì‹œê³  ì§ì ‘ ë§Œë“œì‹  ë°˜ì°¬ë“¤ë„ ë”± ì§‘ë°¥ ìƒê° ë‚˜ê²Œ í•˜ëŠ” ë§›ì´ë¼ ì¢‹ì•˜ì–´ìš” ~ ì‹¤ë‚´ì´ì§€ë§Œ ì•¼ì™¸ ëŠë‚Œë‚˜ê³  ì¸í…Œë¦¬ì–´ë„ í•œëª« í•˜ë”ë¼êµ¬ìš” ! í° ìŠ¤í¬ë¦° ë³´ë‹ˆ êµ­ê°€ëŒ€í‘œ ê²½ê¸° ê°™ì€ê±° ë³´ë©´ì„œ ë¨¹ìœ¼ë©´ ë„˜ ìž¬ë°Œì„ ê²ƒ ê°™ê³  í˜¹ì€ ë‹¨ì²´ ëª¨ìž„ìœ¼ë¡œ ì™€ë„ ë„˜ ì¢‹ì„ ê²ƒ ê°™ì•˜ì–´ìš” ~

í‰ì¼ì €ë… ì²«íƒ€ìž„ì— ì™”ëŠ”ë° ì²˜ì¸êµ¬ì²­ì— ì£¼ì°¨ì—¬ìœ ìžˆê²Œ í•˜ê³  ìž˜ ë¨¹ë‹¤ ê°”ìŠµë‹ˆë‹¤ ìš©ì¸ì²˜ì¸êµ¬ì˜¤ë¦¬ê³ ê¸° ë§›ì§‘ !! ìž¬ë°©ë¬¸ê° ìž…ë‹ˆë‹¤ ~

ë”ë³´ê¸°"
68,"êµ­ë‚´ì‚° ì˜¤ë¦¬ë¥¼ ë‹¹ì¼ ìˆ˜ê¸‰, ë‹¹ì¼ ì†Œì§„ ì›ì¹™ìœ¼ë¡œ í•˜ì‹ ë‹¤ëŠ” ì‚¬ìž¥ë‹˜! ì‹ ì„ í•œ ì˜¤ë¦¬ê³ ê¸°ë¥¼ ë¨¹ì„ ìˆ˜ ìžˆì–´ì„œ ë„ˆë¬´ ì¢‹ì•˜ì–´ìš”:) ë¶„ìœ„ê¸°ë„ ì•„ëŠ‘í•œ ìº í•‘ìž¥ ê°™ì•„ì„œ ë”ìš± ì¢‹ì•˜ì–´ìš”!
ë§›ë„ ë¶„ìœ„ê¸°ë„ ë„ˆë¬´ ì¢‹ì•„ ë” ë§›ìžˆê²Œ ë¨¹ê³  ê°‘ë‹ˆë‹¹ðŸ‘ðŸ»"
69,"ë¶„ìœ„ê¸°ê°€ ìº í•‘ëŠë‚Œë‚˜ëŠ”ë° ê°€ê²©ì°©í•˜ê³  ë§›ìžˆì–´ìš”ðŸ‘ðŸ‘
ì• ë“¤ë„ìž¬ë°Œì–´í•˜ê³  ì˜¤ë¦¬ê³ ê¸° ì–‘ë„ë„‰ë„‰
ëŒ€íŒŒê¹€ì¹˜ ì°ë§›ë„ë¦¬ðŸ«¶
ì£¼ë¬¼ëŸ­ì–‘ë… ëŒ€ë°•ìž…ë‹ˆë‹¤ ìŒˆë¬´ëž‘ì¡°í•© ë¯¸ì³¤ìŒ...
ë‹¤êµ¬ì›Œì¤˜ì„œ íŽ¸í•´ìš”
ë”ë³´ê¸°"
70,"ë§¤ë²ˆ ì˜¬ë•Œë§ˆë‹¤ ë„ˆë¬´ë„ˆë¬´ ë§›ìžˆëŠ” ê³³ì´ì—ìš”!
ê³ ê¸° ì–‘ë„ ë§Žê³  ì§ˆë„ ì¢‹ê³  ì˜¤ë¦¬ê³ ê¸´ë°ë„ ì •ë§ í•˜ë‚˜ë„ ë¹„ë¦°í–¥ ì—†ì´ ìž˜ ë¨¹ì—ˆì–´ìš” ì‚¬ì´ë“œë©”ë‰´ë“¤ë„ ë‹¤ ë„ˆë¬´ ë§›ìžˆê³  ê°€ê²Œ ì¸í…Œë¦¬ì–´ë„ ì˜ˆë»ìš”! ë³¶ìŒë°¥ ê°•ì¶”!!"
71,"ì»¤ë‹¤ëž€ ëŒíŒì—ì„œ êµ¬ì›Œë¨¹ëŠ” ì˜¤ë¦¬ë¡œìŠ¤ðŸ‘
ë²„ì„¯ ë¶€ì¶” ë“± ê°™ì´ êµ¬ì›Œë¨¹ì„ ìˆ˜ ìžˆê³  ë°‘ë°˜ì°¬ì´ ë‹¤ì–‘í•´ì„œ ì¢‹ì•˜ì–´ìš” !! ê·¸ë¦¬ê³  ì…€í”„ë°”ì—ì„œ ë¬´í•œì • ê°€ì ¸ë‹¤ ë¨¹ì„ ìˆ˜ ìžˆëŠ” ìž¥ì ê¹Œì§€!! ì˜¤ëžœë§Œì— ë§›ìžˆëŠ” ì˜¤ë¦¬êµ¬ì´ ë¨¹ê³  ê°‘ë‹ˆë‹¤ â™¡ í•˜ì´ë³¼ ì¢…ë¥˜ë„ ë§Žì•„ì„œ ë‹¤ì–‘í•œ ìˆ ê³¼ ì¦ê¸¸ ìˆ˜ ìžˆëŠ” ê³³ !!"
72,"ëŒíŒì— êµ¬ì›Œë¨¹ëŠ” ì˜¤ë¦¬ë¡œìŠ¤êµ¬ì´ê°€ ì´ë ‡ê²Œ ë§›ìžˆì„ì¤„ ëª°ëžì–´ìš”! ë°‘ë°˜ì°¬ë„ ë¦¬í•„ì„ ëª‡ë²ˆí–ˆëŠ”ì§€ ëª°ë¼ìš” ã…Žã…Ž ê³ ê¸°ëŠ” ì–‘ë…ìž¥, ì†Œê¸ˆ, ìŒˆ ì‹¸ë¨¹ëŠ”ë° ë‹¤ ë§›ìžˆì–´ìš”! ê°™ì´ì£¼ì‹œëŠ” ì „ì´ëž‘ ë‘ë¶€ë„ ë³„ë¯¸ì—ìš”~ ìž˜ ë¨¹ê³  ê°‘ë‹ˆë‹¹!! ìš©ì¸ì²˜ì¸êµ¬ë§›ì§‘ìœ¼ë¡œ ì¸ì •í•©ë‹ˆë‹¤!"
73,"ìº¬ ì˜¤ë¦¬ë¯„ ì—­ì‹œ ë§›ìžˆì£  ì‚¬ìž¥ë‹˜ ì•Œë°”ìƒë¶„ ëª¨ë‘ ë„ˆë¬´ ì¹œì ˆí•˜ì‹œê³  ê³ ê¸° ì–‘ë„ í‘¸ì§í•´ìš”
ê³µê°„ í•˜ë‚˜í•˜ë‚˜ ì‚¬ìž¥ë‹˜ì´ ì‹ ê²½ì“°ì‹ ê²Œ ë„ˆë¬´ ë³´ì—¬ì„œ
ë”ã… ì¢‹ì•˜ì–´ìš©"
74,"ë§›ìžˆê³  ìƒ‰ë‹¤ë¥¸ ë¶„ìœ„ê¸°ë¼ ì¢‹ì•˜ì–´ìš”!
ë‹¤ë§Œ ë„ˆë¬´ ë¥ë„¤ìš”.....ì—ì–´ì»¨ì„ ì¼œë„ ì˜¨ë„ê°€ ì•ˆë‚´ë ¤ê°€ìš” ã…œã…œ
ê²¨ìš¸ì— ë‹¤ì‹œ ë°©ë¬¸í• ê²Œìš”!"
75,ìž…ìž¥í•˜ìžë§ˆìž ìž…ì´ ë˜¬! ë²Œì–´ì¡ŒìŠµë‹ˆë‹¤! ìº í•‘ë¶„ìœ„ê¸°ë„ ì¢‹ì•˜ê³ ìš” ëŒíŒìœ„ì— êµ¬ì›Œë¨¹ëŠ” ê³ ê¸°ë§›ì€ ëë‚´ì¤¬ì–´ìš”! ã…‹ã…‹ ì¹œì ˆí•œ ì‚¬ìž¥ë‹˜ê»˜ì„œ ì–¹ì—¬ì£¼ì‹œëŠ” í•œë•€í•œë•€ì´ ê°ë™ì´ì˜€ìŠµë‹ˆë‹¤! ì•„ì´ìŠ¤ë°•ìˆ  ìžŠì„ìˆ˜ ì—†ì–´ì„œ ìˆ ì´ ìˆ ìˆ ~~ ë“¤ì–´ê°”ì–´ìš”. ë‘˜ì´ê°€ë“  ì…‹ì´ê°€ë“  ë‹¨ì²´ê°€ê°€ë“  ë§Œì¡±í•  ë§›ì§‘ì´ë„¤ìš”!! ë„ˆë¬´ ë§›ìžˆê²Œ ìž˜ ë¨¹ê³ ì™”ì–´ìš” ë˜ê°ˆê¼¬ì˜ˆìš”~~ðŸ«¶ðŸ½
76,ë„ˆë¬´ ë§›ìžˆë„¤ìš”.ë‹¤ìŒì—ë„ ë˜ ì˜¤ê³ ì‹¶ì–´ìš”. ì•žìœ¼ë¡œ ìžì£¼ ì´ìš©í• ë“¯ í•©ë‹ˆ.! ì§ì›ë¶„ë“¤ë„ ë„ˆë¬´ ì¹œì ˆí•˜ê³  ì¢‹ì•˜ìŠµë‹ˆë‹¤. ìž˜ë¨¹ê³  ê°‘ë‹ˆë‹¤. ê°ì‚¬í•©ë‹ˆë‹¤.
77,ë§›ìžˆê³  ì¹œì ˆí•˜ê³  ì´ìƒ‰ì ì´ì–´ì„œ ë„ˆë¬´ ì¢‹ì•˜ì–´ìš” ðŸ’™
78,ë„ˆë¬´ ë§›ìžˆìŠµë‹ˆë‹¤!!! ë¯¿ê³  ë¨¹ëŠ” ìžì£¼ì˜¤ë¦¬ ã…Žã…Ž ì ì  ë” ë§›ìžˆì–´ì§€ëŠ”ê±´ ê¸°ë¶„íƒ“ì´ê² ì£ ?ðŸ¥ºðŸ¥º ðŸ‘ðŸ»-ë‹¨ê³¨-
79,"ê³ ê¸°ë„ ì‹ ì„ í•˜ê³  ë§›ìžˆêµ¬ìš”
ë¶„ìœ„ê¸°ë„ ì•„ì£¼ ê´œì°®ìŠµë‹ˆë‹¤
ì‚¬ìž¥ë‹˜ì´ ë„ˆë¬´ ì¹œì ˆí•˜ì…”ì„œ ì´ìš©í•˜ê¸°ë„ ì¢‹ì•˜ì–´ìš”
ë‹¤ìŒì—ë„ ë˜ ë°©ë¬¸í• ê»˜ìš”
ë”ë³´ê¸°"
80,"ìº í•‘ìž¥ì— ì™€ì„œ ê³ ê¸° ë¨¹ëŠ” ëŠë‚Œì´ë¼ ìž¬ë°Œì—ˆê³  ë” ë§›ìžˆì—ˆì–´ìš”.
ì˜¤ë¦¬ê³ ê¸°ë„ ì§ˆì´ ì¢‹ê³  ì„œë¹„ìŠ¤ë¡œ ì£¼ì‹  ì „ë„ ë„ˆë¬´ ë§›ìžˆì–´ì˜¤!! ë¶€ì¶”ë„ ì…€í”„ë¡œ ì–‘ê» ë¨¹ì„ ìˆ˜ ìžˆì–´ ì¢‹ì•˜ìŠµë‹ˆë‹¤."
81,"ì—„ë§ˆì™€ í•¨ê»˜ ë°©ë¬¸í–ˆì–´ìš”! ì™„ì „ ë¶„ìœ„ê¸° ë§›ì§‘ðŸ‘ ìº í•‘ ì˜¨ ëŠë‚Œì„ ì¦ê¸¸ ìˆ˜ ìžˆì–´ìš”~! ìº í•‘ ë¶„ìœ„ê¸° ì¢‹ì•„í•˜ì‹œê³ , ê³ ê¸° ì¢‹ì•„í•˜ì‹œë©´ ì¶”ì²œí•©ë‹ˆë‹¤ðŸ’• ì˜¤ë¦¬ë„ ì§„ì§œ ë§›ìžˆê³ , ì§ì›ë¶„ë“¤ì´ ë‹¤ë“¤ ë„ˆë¬´ ì¹œì ˆí•´ì„œ ìž¬ë°©ë¬¸ ì˜ì‚¬ ë§¤ìš° ìžˆìŠµë‹ˆë‹¤ðŸ˜†"
82,"ì—¬ëŸ¬ë¶„ ìš©ì¸ì‹œë‚´ ì˜¤ë¦¬ì§‘ì€ ë°”ë¡œ ì—¬ê¸°ìž…ë‹ˆë‹¤
ì˜¤ë¦¬ ì‹ ì„ í•œê²Œ ëŠê»´ì§€ê³  ë•Œê¹”ë¶€í„° ë‹¬ë¼ìš”!!!!!ðŸ¥°â¤ï¸
ë°ì´íŠ¸í•˜ê¸° ì¢‹ì€ ë¶„ìœ„ê¸°ì— ì‹ ì„ í•œ ìž¬ë£Œê¹Œì§€ ì¶”ì²œí•©ë‹ˆë‹¤~!!"
83,"ì˜ˆì•½ ì‹œê°„ë³´ë‹¤ ì¼ì° ë„ì°©í–ˆì§€ë§Œìžë¦¬ í™•ë³´ë¥¼ ì„œë“¤ëŸ¬ í•´ì£¼ì…¨ì–´ìš”. ë‘˜ì´ì„œ ì–‘ë… ë°˜ë§ˆë¦¬ ë¨¹ì—ˆë„¤ìš”. ì–‘ë… ê³¼í•˜ì§€ ì•Šê³  ëŒíŒì— êµ¬ìš°ë‹ˆ ë‹´ë°±í•˜ê³  ê°ì¹ ë§› í­ë°œ. ìŒˆë„ ë¨¹ê³  ë¬´ì ˆìž„ì—ë„ ì‹¸ë¨¹ê³ . ì‚¼ì±„ëŠ” ë³„ë¯¸ì˜€ì–´ìš”. ì‚¬ìž¥ë‹˜, ì•Œë°”ë¶„ ëª¨ë‘ ì¹œì ˆ. ë°‘ë°˜ì°¬ì€ ì•½í•˜ì§€ë§Œ ë©”ì¸ì¸ ì˜¤ë¦¬ëŠ” ë§›ìžˆê²Œ ì¤„ê¸¸ìˆ˜ ìžˆëŠ” ê³³ì´ì˜ˆìš”"
84,"ìš©ì¸ì²˜ì¸êµ¬ë§›ì§‘ ê¹€ëŸ‰ìž¥ë™ ìº í•‘ ì˜¤ë¦¬ê³ ê¸° ë§›ì§‘^^
ì‚¬ìž¥ë‹˜ ë„ˆë¬´ ì¹œì ˆí•˜ì‹œê³  ë„˜ ë§›ìžˆì–´ìš”â¤ï¸"
85,"ì¸í…Œë¦¬ì–´ ë°”ë€Œê¸° ì „ë¶€í„° ê¾¸ì¤€ížˆ ë°©ë¬¸í–ˆë˜ ê³³ì¸ë° í•­ìƒ ë§›ìžˆê²Œ ë¨¹ê³  ìžˆì–´ìš”ã…Žã…Ž
ê°€ê²Œê°€ íž™í•˜ê³  ì£¼ë¥˜ ì¢…ë¥˜ë„ ë‹¤ì–‘í•´ì ¸ì„œ ë” ì¢‹ì€ ê²ƒ ê°™ì•„ìš”! ê¹€ëŸ‰ìž¥ë™ ë§›ì§‘ìœ¼ë¡œ ì¶”ì²œë“œë¦½ë‹ˆë‹¹"
86,ê°œì¡´ë§›ì´ì—ìš” ì˜¤ë¦¬ ì§ˆë„ ì¢‹ê³  ë³¶ìŒë°¥ë„ ë§›ìžˆê³  ë‹¨ì²´ë¡œ íšŒì‹í•˜ê¸° ì¢‹ì•„ìš” íšŒì‹í• êº¼ë©´ ì´ë¦¬ë¡œ ì˜¤ì‹œë©´ ë  ê²ƒê°™ìŠµë‹ˆë‹¤ ëƒ‰ë©´ë„ ë§›ìžˆì–´ìš”
87,"ê³ ê¸° ì§ˆ ì¢‹ê³  ì–‘ ì¢‹ê³  ê°€ê²©ë„ í•©ë¦¬ì ì´ì—ìš”!!!
ê³ ê¸°ë„ ë§›ìžˆì§€ë§Œ ë°˜ì°¬ë„ ë§Žì•„ì„œ ì¢‹ì•˜ê³  í•˜ë‚˜í•˜ë‚˜ ì •ì„±ì´ ëŠê»´ì§€ëŠ” ë§›ì´ëžë‹ˆë‹¤
ìº í•‘ ë¶„ìœ„ê¸°ì˜ ì»¨ì…‰ë„ ë…íŠ¹í•´ì„œ ì¢‹ì•˜ì–´ìš”
ë°ì´íŠ¸í•˜ê¸°ì—ë„ ì¢‹ê³  íšŒì‹í•  ë•Œë„ ì¶”ì²œí•©ë‹ˆë‹¹
ë”ë³´ê¸°"
88,"ë‹¨ì²´ëª¨ìž„ì— ì í•©í•œ ìº í•‘ëŠë‚Œì´ ë‚˜ëŠ” ìš©ì¸ì²˜ì¸êµ¬ ë§›ì§‘ ìžì£¼ì˜¤ë¦¬ëŒíŒë‘ì´ ìš©ì¸ë³¸ì !!
ì˜¤ë¦¬ê³ ê¸°ê°€ ë¹„ë¦°ë‚´ë‚˜ì§€ì•Šê³  ì‹ ì„ í•´ì„œ ë„ˆë¬´ ë§›ìžˆê²Œ
ìž˜ ë¨¹ê³ ì™”ì–´ìš”ðŸ˜Š ë§›ìžˆëŠ” ë³¶ìŒë°¥ê¹Œì§€ ê¼­ ë“œì‹œê³ ì˜¤ì„¸ìš”"
89,ê³ ê¸°ë¥¼ í—ˆê²ì§€ê² ë¨¹ëŠë¼ã… ã…  ì‚¬ì§„ì„ ëª» ì°ì—ˆì–´ìš”.. ë„ˆë¬´ ë§›ìžˆì–´ì„œ ã…‹ã…‹ã…‹ã…‹ 4ë²ˆì§¸ ë°©ë¬¸ì¸ë° ì¹œêµ¬ë“¤ ë°ë ¤ì˜¤ê³  ì‹¶ì–´ì„œ ê°™ì´ ë¨¹ìœ¼ëŸ¬ ì™”ìŠµë‹ˆë‹¤ ã…Žã…Ž ì‚¬ìž¥ë‹˜ ì•Œë°”ìƒë¶„ë“¤ ì¹œì ˆí•˜ì‹œê³  ê³ ê¸°ìž¡ë‚´ê°€ ì—†ê³  ë§¤ì½¤í•˜ë‹ˆ ë§›ìžˆì–´ìš” ðŸ¥ºðŸ¥º ë˜ ì˜¬ê²Œìš” -ë‹¨ê³¨-
90,ìƒ‰ë‹¤ë¥¸ ë¶„ìœ„ê¸° ì†ì—ì„œ ë§›ìžˆëŠ” ì˜¤ë¦¬êµ¬ì´ë¥¼ ë¨¹ì„ ìˆ˜ ìžˆì–´ì„œ ì¢‹ì•˜ì–´ìš” :) ëœìž¥ì°Œê°œë„ ë¬´ì œí•œì´ë¼ ê°€ì„±ë¹„ë„ ì¢‹ì•„ìš”!
91,ìš©ì¸ì— ì´ì‚¬ì˜¨ í›„ë¡œ 7ë²ˆì§¸ ë°©ë¬¸í•˜ë‹¤ê°€ ë¦¬ë·°ëŠ” ì²˜ìŒ ì”ë‹ˆë‹¤. ì´ë ‡ê²Œ ë§›ìžˆëŠ” ì˜¤ë¦¬ë¥¼ ë¨¹ì„ ìˆ˜ ìžˆìŒì— ê°ì‚¬í•˜ê³  ë•ë¶„ì— ì´ì‚¬ ì˜¨ê²ƒì„ í›„íšŒí•œì ì´ ì—†ìŠµë‹ˆë‹¤. ì–‘ë…ë„ ë§›ìžˆê³  ì–‘ë„ ë§Žê³  ì–¸ì œë¨¹ì–´ë„ ì§ˆë¦¬ì§€ ì•Šë„¤ìš” ë²ˆì°½í•˜ì‹­ì‹œì˜¤. ì‚¬ëž‘í•´ìš” ìžì£¼ì˜¤ë¦¬
92,"ë¶„ìœ„ê¸°ë„ ì¢‹ê³ , ì˜¤ë¦¬ê³ ê¸°ë„ ì•¼ë“¤ì•¼ë“¤í•˜ë‹ˆ ë§›ìžˆì–´ìš”"
93,"ë¶„ìœ„ê¸°ë„ ë„ˆë¬´ ì¢‹ê³  ì´ëª¨ë‹˜ê³¼ ì•Œë°”ìƒë‹˜ë“¤ì´ ë„ˆë¬´ ì¹œì ˆí•´ìš”.
ê°€ì¡±ì´ë“  ì—°ì¸ì´ë“¤ ëˆ„êµ¬ì™€ ì™€ë„ ë§›ìžˆê²Œ ë¨¹ê³  ê°ˆ ìˆ˜ ìžˆì„ ê²ƒ ê°™ì•„ì„œ ì¶”ì²œí•´ìš”ðŸ‘ðŸ‘"
94,ë§›ìžˆìŠµë‹ˆë‹¤ðŸ¤¤
95,"ì‚¬ìž¥ë‹˜ì´ ë„ˆë¬´ ì¹œì ˆí•˜ì‹œê³ 
ì£¼ë¬¼ëŸ­ë„ ë„ˆë¬´ ë§›ìžˆì–´ì„œ í˜¸ê°ë„ 1000% ìƒìŠ¹â¤ï¸
ìº í•‘ìž¥ ëŠë‚Œ+ëŒíŒ ë•ë¶„ì— ì•¼ìž¥ì—ì„œ ë¨¹ëŠ” ëŠë‚Œë„
ë‚˜ê³  ë„ˆë¬´ ë§Œì¡±ìŠ¤ëŸ¬ìš´ ì‹ì‚¬ì˜€ìŠµë‹ˆë‹¹

ë‹¤ìŒì—” ì•„ë°•ì— ìˆ  ê¼­ ë¨¹ì„ê±°ì—ìš©!
ë”ë³´ê¸°"
96,"ë„“ì€ ëŒíŒì— ì˜¤ë¦¬ê³ ê¸° êµ¬ì´ ë¨¹ì„ ìˆ˜ ìžˆëŠ” ìš©ì¸ ê¹€ëŸ‰ìž¥ë™ë„¤ë§›ì§‘... ì¶”ì²œë“œë¦½ë‹ˆë‹¤!!

ë¶„ìœ„ê¸°ë„ ì¢‹ê³  ë„“ê³  ê³ ê¸°ë„ ë§›ìžˆê³  ìµœê³ ì—ìš”!!"
97,"ì˜¤ë¦¬ë¡œìŠ¤êµ¬ì´ ë§›ì§‘ì´ë„¤ìš”~^^
ì´ˆë“±ìƒ 2ëª… í¬í•¨ 4ëª…ì´ ê°”êµ¬ìš”, í•œë§ˆë¦¬ ì‹œì¼°ëŠ”ë° ì–‘ì´ í‘¸ì§í•˜ë”ë¼êµ¬ìš”
ëŒíŒì˜¤ë¦¬êµ¬ì´... ê°„ë§Œì— ë°°ë¶€ë¥´ê²Œ ë¨¹ì—ˆë„¤ìš”
ì¸í…Œë¦¬ì–´ëŠ” ì•„ê¸°ìžê¸°í•˜ê²Œê¾¸ë©°ì ¸ìžˆê³ , ì‚´ì§ ìº í•‘ìž¥ ëŠë‚Œë„ ë“¤ë”ë¼êµ¬ìš”
í† ìš”ì¼ ì €ë…5ì‹œì— ì˜ˆì•½í•˜ê³  ê°”ëŠ”ë° ì˜ˆì•½ì´ í•„ìˆ˜ì¸ ê³³ì´ë„¤ìš”... ì†ë‹˜ì´ ê³„ì† ë“¤ì–´ì˜¤ë”ë¼êµ¬ìš”.
ë‹¤ì‹œ ê°€ë³´ê³  ì‹¶ë„¤ìš” ~^^
ë”ë³´ê¸°"
98,"ã…¡ë¶€ëª¨ë‹˜ê³¼ ì‹ì‚¬í• ê³³ ì°¾ë‹¤ê°€ ì‚¬ì „ë‹µì‚¬(?)ê²¸ ì™”ëŠ”ë° ì‹ ì‹ ë¶„ìœ„ê¸°ì— ë†€ëžì–´ìš”ðŸ‘ðŸ‘ ã…¡ê¸°ì¡´ ì˜¤ë¦¬êµ¬ì´ì§‘ í•˜ë©´ ìƒê°ë‚˜ëŠ” ê·¸ëŸ° ê³³ì´ ì•„ë‹ˆë¼, ìš”ì¦˜ ì Šì€ ì‚¬ëžŒë“¤ë„ ì°¾ì„ ìˆ˜ ìžˆê²Œ ì¸í…Œë¦¬ì–´ë„ ë©‹ì§€ê³  íŠ¹ìƒ‰ìžˆê³  ì˜¤ë¦¬ë„ ìž¡ë‚´ì—†ì´ ë§›ìžˆì–´ìš”! ã…¡íŠ¹ížˆ í•˜ì´ë³¼ì€ ì´ê±° ë­ì£ ? í•˜ì´ë³¼ë§› ì°ì´ê³  ìœ„ì— ë™ë™ ì˜¤ë¦¬ëŠ” ê½¥ ~ðŸ¥ ë„ˆë¬´ ê·€ì—½ìŠµë‹ˆë‹¤! ã…¡ìžë¦¬ì˜ˆì•½ì€ ë˜ëŠ”ë°, ë©”ë‰´ì˜ˆì•½ì€ ì•ˆë˜ì„œ ìŒì‹ ëŠ¦ê²Œë‚˜ì˜¬ê¹Œë´ ê±±ì •í–ˆëŠ”ë°(ë‹¤ë¥¸ ì˜¤ë¦¬ì§‘ ê²½ìš°, ë¯¸ë¦¬ êµ¬ì›Œì¤˜ì„œ ê·¸ëŸ°ê°€í–ˆëŠ”ë°) ìŒì‹ë„ ê¸ˆë°© ë‚˜ì˜¤ê³  íŒì´ ë‹¬ê¶ˆì ¸ ìžˆì–´ ê¸ˆë°© êµ¬ì›Œì ¸ì„œ ì¢‹ì•˜ì–´ìš”! ã…¡ìžì£¼ì˜¤ë¦¬ëŒíŒêµ¬ì´, ìžì£¼ ì˜¤ë¦¬ë‹¤^^!
ë”ë³´ê¸°"
99,"ìº í•‘ ì˜¨ ëŠë‚Œìœ¼ë¡œ ë¶„ìœ„ê¸° ì¢‹ê²Œ ë¨¹ì„ ìˆ˜ ìžˆëŠ” ì˜¤ë¦¬ê³ ê¸° ì§‘ ìž…ë‹ˆë‹¤. ê°€ëžœë“œ ë¬´ë“œë“±ë„ ìžˆê³  ì˜†ì— ì•„ì´ìŠ¤ë°•ìŠ¤ ë“± ìŒë£Œë¥¼ ê°€ì ¸ì™€ì„œ ì–¼ìŒì— ì°¨ê°‘ê²Œ ë¨¹ì„ ìˆ˜ ìžˆëŠ” ê²ƒì´ íŠ¹ì§•ì´ì—ìš”! ì˜¤ë¦¬ê³ ê¸°ëŠ” ì–´ëŠì •ë„ êµ¬ìš°ë©´ì„œ ê¸°ë¦„ì´ ë‚˜ì˜¤ë©´ ë²„ì„¯ì´ëž‘ ë¶€ì¶”ë¥¼ êµ¬ì›Œë¨¹ìœ¼ë¼ê³  í•˜ì…”ì„œ êµ¬ì›Œë¨¹ëŠ”ë° ëŒíŒ ìœ„ì— ì§€ì ¸ë¨¹ìœ¼ë‹ˆê¹Œ ë”°ëœ»í•´ì„œ ì™„ì „ ê¿€ë§›ì´ì—ˆì–´ìš” ðŸ˜† ë” êµ¬ì›Œë¨¹ì„ ìˆ˜ ìžˆê²Œë” ì…€í”„ë°”ë„ ìžˆì–´ì„œ ì¢‹ì•˜êµ¬ìš” ðŸ’• ì»¤í”Œ ì‹œì¼œì„œ 2ì¸ì— ë³¶ìŒë°¥ê¹Œì§€ ì¶”ê°€í•˜ë‹ˆ ë‘˜ì´ì„œ ë¨¹ê¸° ì¢‹ì€ ì–‘ì´ì—ˆì–´ìš”. ë³¶ìŒë°¥ë„ ê¸ˆë°© ëˆŒì–´ì„œ ëˆŒì€ ë°¥ ì¢‹ì•„í•˜ëŠ” ì¡°ëŠ” ë°¥ì•Œì´ ê¼¬ë“¤ê¼¬ë“¤í•´ì„œ ë§›ìžˆì—ˆë‹µë‹ˆë‹¤ ðŸ™‚ ì¼ë‹¨ ë¶„ìœ„ê¸°ê°€ ì¢‹ê³  ë„“ì–´ì„œ íŽ¸í•˜ê²Œ ë¨¹ì„ ìˆ˜ ìžˆê¸°ì— ë‹¨ì²´ëª¨ìž„ì´ë‚˜ íšŒì‹ìž¥ì†Œë¡œ ì¶”ì²œí•©ë‹ˆë‹¤! ì´ìƒ‰ì ì¸ ì¸í…Œë¦¬ì–´ ì˜¤ë¦¬ê³ ê¸°ì§‘ìœ¼ë¡œ ì¶”ì²œë“œë ¤ìš” ðŸ‘
ë”ë³´ê¸°"
